Work Item Type,State,ID,Title,Description,Comments,Acceptance Criteria
"Product Backlog Item","New","346","HU001 - Crear usuario administrativo inicial","**Yo Como:** Administrador del sistema, durante el primer despliegue de la plataforma

**Quiero:** Crear el usuario administrativo inicial del sistema

**Para que:** Pueda existir al menos un administrador con acceso total desde el momento en que el sistema entra en funcionamiento.

**Desarrollo de la Historia:**

*Elementos visuales:*
- Formulario de configuración inicial solicitando nombre, correo electrónico y contraseña del primer administrador.

*Botones:*
- Crear administrador inicial.

*Funciones:*
- El sistema debe impedir que se cree más de un usuario administrativo por esta vía; una vez creado, el proceso queda deshabilitado.

**Elementos conversación:** No hay elementos de conversación.

**Anexos:** No hay anexos.",,"- El sistema debe permitir crear el primer usuario administrativo únicamente si no existe ningún otro administrador registrado.
- El sistema debe solicitar nombre, correo electrónico y contraseña para el usuario administrativo inicial.
- La contraseña debe almacenarse utilizando un algoritmo de hashing seguro.
- Una vez creado el usuario administrativo inicial, el proceso de creación debe deshabilitarse automáticamente."
"Product Backlog Item","New","336","HU002 - Crear un usuario administrativo","**Yo Como:** Administrador del sistema ya autenticado

**Quiero:** Crear una nueva cuenta de usuario administrativo

**Para que:** Pueda delegar tareas administrativas a otro miembro del equipo con el mismo nivel de acceso.

**Desarrollo de la Historia:**

*Elementos visuales:*
- Formulario con nombre, correo electrónico y contraseña temporal para el nuevo administrador.

*Botones:*
- Crear usuario administrativo.

*Funciones:*
- El nuevo administrador debe cambiar su contraseña en su primer inicio de sesión.

**Elementos conversación:** No hay elementos de conversación.

**Anexos:** No hay anexos.",,"- Solo un usuario con rol de administrador puede crear otro usuario administrativo.
- El sistema debe solicitar nombre, correo electrónico y una contraseña temporal para el nuevo administrador.
- El sistema debe validar que el correo electrónico no esté registrado previamente.
- El nuevo administrador debe ser obligado a cambiar su contraseña en el primer inicio de sesión."
"Product Backlog Item","New","337","HU003 - Crear un usuario de soporte","**Yo Como:** Administrador del sistema

**Quiero:** Crear una cuenta de usuario de soporte

**Para que:** Pueda contar con personal encargado de atender consultas y resolver incidencias de los usuarios, sin otorgarles acceso administrativo completo.

**Desarrollo de la Historia:**

*Elementos visuales:*
- Formulario con nombre, correo electrónico, contraseña temporal y el rol &quot;Soporte&quot; preseleccionado.

*Botones:*
- Crear usuario de soporte.

*Funciones:*
- El usuario de soporte solo debe tener acceso a las funcionalidades de atención al usuario, no a la configuración del sistema.

**Elementos conversación:** No hay elementos de conversación.

**Anexos:** No hay anexos.",,"- Solo un usuario con rol de administrador puede crear un usuario de soporte.
- El sistema debe solicitar nombre, correo electrónico y una contraseña temporal.
- El usuario de soporte debe quedar registrado con permisos limitados, sin acceso a funciones administrativas.
- El nuevo usuario de soporte debe cambiar su contraseña en el primer inicio de sesión."
"Product Backlog Item","New","338","HU004 - Crear un usuario personal de institucion","**Yo Como:** Administrador del sistema o usuario de soporte

**Quiero:** Crear una cuenta de usuario para personal de una institución educativa

**Para que:** El personal de la institución pueda acceder al sistema y gestionar las solicitudes de inscripción de esa institución.

**Desarrollo de la Historia:**

*Elementos visuales:*
- Formulario con nombre, correo electrónico, contraseña temporal y un selector para elegir la institución a la que pertenece.

*Botones:*
- Crear usuario de institución.

*Funciones:*
- El usuario queda vinculado únicamente a la institución seleccionada y solo puede gestionar información relacionada con ella.

**Elementos conversación:** No hay elementos de conversación.

**Anexos:** No hay anexos.",,"- Solo un usuario con rol de administrador o soporte puede crear un usuario de personal de institución.
- El sistema debe solicitar nombre, correo electrónico, contraseña temporal e institución asociada.
- El usuario creado debe quedar vinculado exclusivamente a la institución seleccionada.
- El nuevo usuario debe cambiar su contraseña en el primer inicio de sesión."
"Product Backlog Item","New","86","HU005 - Registrar tutor","<div><b></b> </div><span><br></span><div><br> </div><span></span><table width="""" style=""border-collapse:collapse;border:none;""><tbody><tr><td width=116 style=""border-width:1pt 1pt 1.5pt;border-style:solid;border-color:rgb(229, 184, 183) rgb(229, 184, 183) rgb(217, 149, 148);padding:0in 5.4pt;"">
  <p style=""margin:0in 0in 10pt;font-size:11pt;font-family:Calibri, sans-serif;margin-bottom:0in;""><b><span lang=ES-DO>Yo Como</span></b><span lang=ES-DO></span> </p>
  </td><td width=525 style=""width:393.5pt;border-top:solid #E5B8B7 1.0pt;border-left:none;border-bottom:solid #D99594 1.5pt;border-right:solid #E5B8B7 1.0pt;padding:0in 5.4pt 0in 5.4pt;"">
  <p style=""margin:0in 0in 10pt;font-size:11pt;font-family:Calibri, sans-serif;margin-bottom:0in;""><b><span lang=ES-DO style=""font-size:10.0pt;"">Madre, padre o tutor no registrado en Inscolar</span></b><span lang=ES-DO style=""font-size:10.0pt;""></span> </p>
  </td></tr><tr><td width=116 style=""width:114px;border-width:medium 1pt 1pt;border-style:none solid solid;border-color:currentcolor rgb(229, 184, 183) rgb(229, 184, 183);padding:0in 5.4pt;"">
  <p style=""margin:0in 0in 10pt;font-size:11pt;font-family:Calibri, sans-serif;margin-bottom:0in;""><b><span lang=ES-DO>Quiero</span></b><span lang=ES-DO></span> </p> </td><td width=525 style=""width:393.5pt;border-top:none;border-left:none;border-bottom:solid #E5B8B7 1.0pt;border-right:solid #E5B8B7 1.0pt;padding:0in 5.4pt 0in 5.4pt;"">Registrar una cuenta de usuario proporcionando mis datos personales<p style=""margin:0in 0in 10pt;font-size:11pt;font-family:Calibri, sans-serif;margin-bottom:0in;""><span lang=ES-DO style=""font-size:10.0pt;""></span> </p>
  </td></tr><tr><td width=116 style=""border-width:medium 1pt 1pt;border-style:none solid solid;border-color:currentcolor rgb(229, 184, 183) rgb(229, 184, 183);padding:0in 5.4pt;"">
  <p style=""margin:0in 0in 10pt;font-size:11pt;font-family:Calibri, sans-serif;margin-bottom:0in;""><b><span lang=ES-DO>Para que</span></b><span lang=ES-DO></span> </p>
  </td><td width=525 style=""width:393.5pt;border-top:none;border-left:none;border-bottom:solid #E5B8B7 1.0pt;border-right:solid #E5B8B7 1.0pt;padding:0in 5.4pt 0in 5.4pt;"">
  <p style=""margin:0in 0in 10pt;font-size:11pt;font-family:Calibri, sans-serif;margin-bottom:0in;""><span lang=ES-DO style=""font-size:10.0pt;""><span>Pueda tener un perfil único y acceder al sistema de inscripciones</span><span></span><b></b></span> </p>
  </td></tr><tr><td width=116 style=""border-width:medium 1pt 1pt;border-style:none solid solid;border-color:currentcolor rgb(229, 184, 183) rgb(229, 184, 183);padding:0in 5.4pt;"">
  <p style=""margin:0in 0in 10pt;font-size:11pt;font-family:Calibri, sans-serif;margin-bottom:0in;""><span lang=ES-DO>Desarrollo de la Historia</span> </p>
  </td><td width=525 style=""width:393.5pt;border-top:none;border-left:none;border-bottom:solid #E5B8B7 1.0pt;border-right:solid #E5B8B7 1.0pt;padding:0in 5.4pt 0in 5.4pt;"">
  <p style=""margin:0in 0in 10pt;font-size:11pt;font-family:Calibri, sans-serif;margin-bottom:0in;text-align:justify;""><span lang=ES-DO style=""font-size:10.0pt;"">La pantalla debe tener los siguientes elementos:</span> </p><p style=""margin:0in 0in 10pt;font-size:11pt;font-family:Calibri, sans-serif;margin-bottom:0in;text-align:justify;""><span lang=ES-DO style=""font-size:10.0pt;""><br></span> </p>
  <p style=""margin:0in 0in 10pt;font-size:11pt;font-family:Calibri, sans-serif;margin-bottom:0in;text-align:justify;text-autospace:none;""><b><span lang=ES-DO style=""font-size:10.0pt;"">Campos</span></b> </p>
  <p style=""margin:0in 0in 10pt;font-size:11pt;font-family:Calibri, sans-serif;margin-bottom:0in;text-align:justify;text-autospace:none;""><span lang=ES-DO style=""font-size:10.0pt;"">&nbsp;</span> </p>
  <p style=""margin:0in 0in 10pt;font-size:11pt;font-family:Calibri, sans-serif;margin-bottom:0in;text-align:justify;text-autospace:none;""><span lang=ES-DO style=""font-size:10.0pt;"">-Alfanuméricos</span> </p>
  <ul style=""margin-bottom:0in;""><li><span lang=ES-DO style=""font-size:10.0pt;"">Email</span> </li><li><span lang=ES-DO style=""font-size:10.0pt;"">Contraseña</span> </li><li><span lang=ES-DO style=""font-size:10.0pt;"">Confirmar contraseña</span> </li><li><span lang=ES-DO style=""font-size:10.0pt;"">Nombre&nbsp;</span> </li><li><span lang=ES-DO style=""font-size:10.0pt;"">Apellido</span> </li> </ul><div><span style=""font-size:13.3333px;""><br></span> </div>
  
  
  <p style=""margin:0in 0in 10pt;font-size:11pt;font-family:Calibri, sans-serif;margin-bottom:0in;text-align:justify;text-autospace:none;""><span lang=ES-DO style=""font-size:10.0pt;"">-Sólo números</span> </p>
  <ul style=""margin-bottom:0in;""><li><span lang=ES-DO style=""font-size:10.0pt;"">Cédula: 11 caracteres</span> </li><li><span lang=ES-DO style=""font-size:10.0pt;"">Telefono</span> </li> </ul><div><span style=""font-size:13.3333px;""><br></span> </div>
  <p style=""margin:0in 0in 10pt;font-size:11pt;font-family:Calibri, sans-serif;margin-bottom:0in;text-align:justify;text-autospace:none;""><b><span lang=ES-DO style=""font-size:10.0pt;"">Botones</span></b> </p>
  <ul style=""margin-bottom:0in;""><li><span lang=ES-DO style=""font-size:10.0pt;"">Registrar: Crea la cuenta de usuario.</span> </li> </ul><div><span style=""font-size:13.3333px;""><br></span> </div>
  <p style=""margin:0in 0in 10pt;font-size:11pt;font-family:Calibri, sans-serif;margin-bottom:0in;text-align:justify;text-autospace:none;""><b><span lang=ES-DO style=""font-size:10.0pt;"">Links</span></b> </p>
  <ul style=""margin-bottom:0in;""><li><u><span lang=ES-DO style=""font-size:10.0pt;color:#4F81BD;"">Regresar
  al login:</span></u><span lang=ES-DO style=""font-size:10.0pt;""> Devuelve al usuario a la página de inicio de sesión.</span> </li> </ul><div><span style=""font-size:13.3333px;""><br></span> </div>
  <p style=""margin:0in 0in 10pt;font-size:11pt;font-family:Calibri, sans-serif;margin-bottom:0in;text-align:justify;text-autospace:none;""><b><span lang=ES-DO style=""font-size:10.0pt;color:black;"">Funciones</span></b> </p>
  <p style=""margin:0in 0in 10pt;font-size:11pt;font-family:Calibri, sans-serif;margin-bottom:0in;text-align:justify;text-autospace:none;""><span lang=ES-DO style=""font-size:10.0pt;color:black;"">El usuario debe poder:</span> </p>
  <ul style=""margin-bottom:0in;""><li><span lang=ES-DO style=""font-size:10.0pt;color:black;"">Registrar su cuenta correctamente con <i>Registrar</i>.<b></b></span> </li> </ul><ul style=""margin-bottom:0in;""><li><span lang=ES-DO style=""font-size:10.0pt;color:black;"">Retroceder la acción con </span><u><span lang=ES-DO style=""font-size:10.0pt;color:#4F81BD;"">Regresar al login.</span></u><b></b> </li> </ul>
  
  <p style=""margin:0in 0in 10pt;font-size:11pt;font-family:Calibri, sans-serif;margin-bottom:0in;text-align:justify;""><span lang=ES-DO style=""font-size:10.0pt;"">&nbsp;</span> </p>
  </td></tr></tbody></table><br><div><b></b> </div>",,"<div><p style=""margin:0in 0in 10pt;font-size:11pt;font-family:Calibri, sans-serif;text-align:justify;text-autospace:none;""><span lang=ES-DO style=""font-size:10.0pt;""></span> </p><span><ul><li><span>El sistema permite la creación exitosa de la cuenta al completar correctamente todos los campos obligatorios.</span> </li> </ul></span><div><ul><li>El sistema muestra un mensaje de error si algún campo obligatorio se envía vacío. </li> </ul> </div><div><ul><li>Los campos de contraseña enmascaran los caracteres ingresados de forma automática. </li> </ul> </div><div><ul><li>El sistema almacena las contraseñas utilizando algoritmos de hashing seguros. </li> </ul> </div><span></span><span lang=ES-DO style=""font-size:10.0pt;font-family:&quot;Calibri&quot;,sans-serif;""></span><br> </div>"
"Product Backlog Item","New","87","HU006 - Iniciar sesión","<div><b></b> </div><table width=640 style=""border-collapse:collapse;border:none;"">
 <tbody><tr>
  <td width=116 style=""width:86.65pt;border:solid #E5B8B7 1.0pt;border-bottom:solid #D99594 1.5pt;padding:0in 5.4pt 0in 5.4pt;"">
  <p style=""margin:0in 0in 10pt;font-size:11pt;font-family:Calibri, sans-serif;margin-bottom:0in;""><b><span>Yo
  Como</span></b><span></span> </p>
  </td>
  <td width=525 style=""width:393.5pt;border-top:solid #E5B8B7 1.0pt;border-left:none;border-bottom:solid #D99594 1.5pt;border-right:solid #E5B8B7 1.0pt;padding:0in 5.4pt 0in 5.4pt;"">
  <p style=""margin:0in 0in 10pt;font-size:11pt;font-family:Calibri, sans-serif;margin-bottom:0in;""> <b><span style=""font-size:10.0pt;"">Como padre/tutor, personal de la institución, usuario de soporte, usuario de auditoria o usuario administrativo.</span></b> </p>
  </td>
 </tr>
 <tr>
  <td width=116 style=""width:86.65pt;border:solid #E5B8B7 1.0pt;border-top:none;padding:0in 5.4pt 0in 5.4pt;"">
  <p style=""margin:0in 0in 10pt;font-size:11pt;font-family:Calibri, sans-serif;margin-bottom:0in;""><b><span>Quiero</span></b><span></span> </p>
  </td>
  <td width=525 style=""width:393.5pt;border-top:none;border-left:none;border-bottom:solid #E5B8B7 1.0pt;border-right:solid #E5B8B7 1.0pt;padding:0in 5.4pt 0in 5.4pt;"">
  <p style=""margin:0in 0in 10pt;font-size:11pt;font-family:Calibri, sans-serif;margin-bottom:0in;""><span style=""font-size:10.0pt;"">Poder iniciar sesión en la página web</span> </p>
  </td>
 </tr>
 <tr>
  <td width=116 style=""width:86.65pt;border:solid #E5B8B7 1.0pt;border-top:none;padding:0in 5.4pt 0in 5.4pt;"">
  <p style=""margin:0in 0in 10pt;font-size:11pt;font-family:Calibri, sans-serif;margin-bottom:0in;""><b><span>Para
  que</span></b><span></span> </p>
  </td>
  <td width=525 style=""width:393.5pt;border-top:none;border-left:none;border-bottom:solid #E5B8B7 1.0pt;border-right:solid #E5B8B7 1.0pt;padding:0in 5.4pt 0in 5.4pt;"">
  <p style=""margin:0in 0in 10pt;font-size:11pt;font-family:Calibri, sans-serif;margin-bottom:0in;""><span style=""font-size:10.0pt;"">Poder acceder al homepage y buscar instituciones o manejar mi institución.</span> </p>
  </td>
 </tr>
 <tr>
  <td width=116 style=""width:86.65pt;border:solid #E5B8B7 1.0pt;border-top:none;padding:0in 5.4pt 0in 5.4pt;"">
  <p style=""margin:0in 0in 10pt;font-size:11pt;font-family:Calibri, sans-serif;margin-bottom:0in;""><span>Desarrollo
  de la Historia</span> </p>
  </td>
  <td width=525 style=""width:393.5pt;border-top:none;border-left:none;border-bottom:solid #E5B8B7 1.0pt;border-right:solid #E5B8B7 1.0pt;padding:0in 5.4pt 0in 5.4pt;"">
  <p style=""margin:0in 0in 10pt;font-size:11pt;font-family:Calibri, sans-serif;margin-bottom:0in;""><span style=""font-size:10.0pt;"">La funcionalidad debe aceptar correo y contraseña, luego validar
  ambas para dar acceso a la página y demás funcionalidades. Elementos
  necesarios:<br>
  <br>
  </span> </p>
  <p style=""margin:0in 0in 10pt;font-size:11pt;font-family:Calibri, sans-serif;margin-bottom:0in;""><span style=""font-size:10.0pt;"">Campos de texto:</span> </p>
  <ul style=""margin-bottom:0in;""><li><span style=""font-size:10.0pt;"">Errores - alfanumérico (Oculto hasta
  que un error deba ser presentado)</span> </li> </ul>
  <p style=""margin:0in 0in 10pt;font-size:11pt;font-family:Calibri, sans-serif;margin-bottom:0in;""><span style=""font-size:10.0pt;"">&nbsp;</span> </p>
  <p style=""margin:0in 0in 10pt;font-size:11pt;font-family:Calibri, sans-serif;margin-bottom:0in;""><b><span style=""font-size:10.0pt;"">Campos de inputs</span></b><span style=""font-size:10.0pt;"">:</span> </p>
  <ul style=""margin-bottom:0in;""><li><span style=""font-size:10.0pt;"">Email – alfanumérico, caracteres
  mínimos 10 y máximos 80</span> </li><li><span style=""font-size:10.0pt;"">Contraseña – alfanumérico,
  caracteres mínimos 8 y máximos 25</span> </li><li><span style=""font-size:10.0pt;""><span>&nbsp;</span>(input de caracteres ocultos)</span> </li> </ul>
  
  
  <p style=""margin:0in 0in 10pt;font-size:11pt;font-family:Calibri, sans-serif;margin-bottom:0in;""><span style=""font-size:10.0pt;"">&nbsp;</span> </p>
  <p style=""margin:0in 0in 10pt;font-size:11pt;font-family:Calibri, sans-serif;margin-bottom:0in;""><b><span style=""font-size:10.0pt;"">Botones</span></b><span style=""font-size:10.0pt;"">:</span> </p>
  <ul style=""margin-bottom:0in;""><li><span style=""font-size:10.0pt;"">Iniciar sesión (Al presionar,
  mandara una petición de acceso usando el email y contraseña)</span> </li> </ul>
  <p style=""margin:0in 0in 10pt;font-size:11pt;font-family:Calibri, sans-serif;margin-bottom:0in;""><span style=""font-size:10.0pt;"">&nbsp;</span> </p>
  <p style=""margin:0in 0in 10pt;font-size:11pt;font-family:Calibri, sans-serif;margin-bottom:0in;""><b><span style=""font-size:10.0pt;"">Enlaces</span></b><span style=""font-size:10.0pt;"">:</span> </p>
  <ul style=""margin-bottom:0in;""><li><span style=""font-size:10.0pt;"">Recuperar contraseña (Redireccionará al usuario a la página de recuperación)</span> </li><li><span style=""font-size:10.0pt;"">Recordar usuario (Guarda el correo el usuario para que la próxima vez que intente acceder no tenga que
  introducirlo)</span> </li> </ul>
  
  <p style=""margin:0in 0in 10pt;font-size:11pt;font-family:Calibri, sans-serif;margin-bottom:0in;""><span style=""font-size:10.0pt;"">&nbsp;</span> </p>
  <p style=""margin:0in 0in 10pt;font-size:11pt;font-family:Calibri, sans-serif;margin-bottom:0in;""><b><span style=""font-size:10.0pt;"">Validaciones</span></b><span style=""font-size:10.0pt;"">:</span> </p>
  <ul style=""margin-bottom:0in;""><li><span style=""font-size:10.0pt;"">El campo de email no debe aceptar
  valores con longitud menor a 10 o mayor a 80 caracteres</span> </li><li><span style=""font-size:10.0pt;"">El campo de contraseña no debe
  aceptar valores con longitud menor a 8 o mayor a 25 caracteres</span> </li><li><span style=""font-size:10.0pt;"">El campo de email validara que el
  correo tenga un formato correcto (algo similar a “.+@.+\..+” en sintaxis regex)<br>
  <br>
  </span> </li> </ul>
  
  
  </td>
 </tr>
 <tr>
  <td width=116 style=""width:86.65pt;border:solid #E5B8B7 1.0pt;border-top:none;padding:0in 5.4pt 0in 5.4pt;"">
  <p style=""margin:0in 0in 10pt;font-size:11pt;font-family:Calibri, sans-serif;margin-bottom:0in;""><br> </p> </td><td width=525 style=""width:393.5pt;border-top:none;border-left:none;border-bottom:solid #E5B8B7 1.0pt;border-right:solid #E5B8B7 1.0pt;padding:0in 5.4pt 0in 5.4pt;"">
  
  
  
  
  
  
  </td>
 </tr>
 <tr>
  <td width=116 style=""width:86.65pt;border:solid #E5B8B7 1.0pt;border-top:none;padding:0in 5.4pt 0in 5.4pt;"">
  <p style=""margin:0in 0in 10pt;font-size:11pt;font-family:Calibri, sans-serif;margin-bottom:0in;""><b><span>Elementos
  conversación</span></b><span></span> </p>
  </td>
  <td width=525 style=""width:393.5pt;border-top:none;border-left:none;border-bottom:solid #E5B8B7 1.0pt;border-right:solid #E5B8B7 1.0pt;padding:0in 5.4pt 0in 5.4pt;"">
  <span style=""font-size:13.3333px;""><br></span>
  
  </td>
 </tr>
 <tr>
  <td width=116 style=""width:86.65pt;border:solid #E5B8B7 1.0pt;border-top:none;padding:0in 5.4pt 0in 5.4pt;"">
  <p style=""margin:0in 0in 10pt;font-size:11pt;font-family:Calibri, sans-serif;margin-bottom:0in;""><span>Anexos</span> </p>
  </td>
  <td width=525 style=""width:393.5pt;border-top:none;border-left:none;border-bottom:solid #E5B8B7 1.0pt;border-right:solid #E5B8B7 1.0pt;padding:0in 5.4pt 0in 5.4pt;"">
  <p style=""margin:0in 0in 10pt;font-size:11pt;font-family:Calibri, sans-serif;margin-bottom:0in;""><span style=""font-size:10.0pt;"">Ningún anexo al momento.</span> </p>
  </td>
 </tr></tbody></table><div><b></b> </div>",,"<p style=""box-sizing:border-box;margin:0in;font-size:11pt;font-family:Calibri, sans-serif;""><b style=""box-sizing:border-box;""><span style=""box-sizing:border-box;font-size:10pt;"">Condiciones de aceptación</span></b><span style=""box-sizing:border-box;font-size:10pt;"">:</span> </p><ul style=""box-sizing:border-box;padding:0px 0px 0px 40px;margin-bottom:0in;""><li style=""box-sizing:border-box;""><span style=""box-sizing:border-box;font-size:10pt;"">Tener la validación del<span style=""box-sizing:border-box;"">&nbsp;</span><i style=""box-sizing:border-box;"">Product Owner</i>.</span> </li><li style=""box-sizing:border-box;""><span style=""box-sizing:border-box;font-size:10pt;"">Que el campo de contraseña no muestre los valores introducidos.</span> </li><li style=""box-sizing:border-box;""><span style=""box-sizing:border-box;font-size:10pt;"">Tener validación de formato para el campo de email.</span> </li><li style=""box-sizing:border-box;""><span style=""box-sizing:border-box;font-size:10pt;"">Al presionar el botón de iniciar sesión, se nos redireccione a la página home solo si las credenciales son correctas.</span> </li><li style=""box-sizing:border-box;""><span style=""box-sizing:border-box;font-size:10pt;"">Si las credenciales no son correctas debe aparecer un mensaje de error.</span> </li><li style=""box-sizing:border-box;""><span style=""box-sizing:border-box;font-size:10pt;"">Los mensajes de error deben aparecer en rojo.</span> </li><li style=""box-sizing:border-box;""><span style=""box-sizing:border-box;font-size:10pt;"">Que la contraseña se valide usando siempre la contraseña más reciente.</span> </li> </ul>"
"Product Backlog Item","New","106","HU007 - Recuperar contraseña","<div><b></b> </div><table width=640 style=""border-collapse:collapse;border:none;"">
 <tbody><tr>
  <td width=116 style=""width:86.65pt;border:solid #E5B8B7 1.0pt;border-bottom:solid #D99594 1.5pt;padding:0in 5.4pt 0in 5.4pt;"">
  <p style=""margin:0in 0in 10pt;font-size:11pt;font-family:Calibri, sans-serif;margin-bottom:0in;""><b><span lang=ES-DO>Yo Como</span></b><span lang=ES-DO></span> </p>
  </td>
  <td width=525 style=""width:393.5pt;border-top:solid #E5B8B7 1.0pt;border-left:none;border-bottom:solid #D99594 1.5pt;border-right:solid #E5B8B7 1.0pt;padding:0in 5.4pt 0in 5.4pt;""><p style=""margin:0in 0in 10pt;font-size:11pt;font-family:Calibri, sans-serif;margin-bottom:0in;""><b><span lang=ES-DO style=""font-size:10.0pt;"">Padre/tutor, personal de una institución, personal de soporte, personal de auditorias o administrador del sistema.</span></b> </p>
  </td>
 </tr>
 <tr>
  <td width=116 style=""width:86.65pt;border:solid #E5B8B7 1.0pt;border-top:none;padding:0in 5.4pt 0in 5.4pt;"">
  <p style=""margin:0in 0in 10pt;font-size:11pt;font-family:Calibri, sans-serif;margin-bottom:0in;""><b><span lang=ES-DO>Quiero</span></b><span lang=ES-DO></span> </p>
  </td>
  <td width=525 style=""width:393.5pt;border-top:none;border-left:none;border-bottom:solid #E5B8B7 1.0pt;border-right:solid #E5B8B7 1.0pt;padding:0in 5.4pt 0in 5.4pt;"">
  <p style=""margin:0in 0in 10pt;font-size:11pt;font-family:Calibri, sans-serif;margin-bottom:0in;""><span lang=ES-DO style=""font-size:10.0pt;"">Recuperar mi contraseña.</span> </p>
  </td>
 </tr>
 <tr>
  <td width=116 style=""width:86.65pt;border:solid #E5B8B7 1.0pt;border-top:none;padding:0in 5.4pt 0in 5.4pt;"">
  <p style=""margin:0in 0in 10pt;font-size:11pt;font-family:Calibri, sans-serif;margin-bottom:0in;""><b><span lang=ES-DO>Para que</span></b><span lang=ES-DO></span> </p>
  </td>
  <td width=525 style=""width:393.5pt;border-top:none;border-left:none;border-bottom:solid #E5B8B7 1.0pt;border-right:solid #E5B8B7 1.0pt;padding:0in 5.4pt 0in 5.4pt;"">
  <p style=""margin:0in 0in 10pt;font-size:11pt;font-family:Calibri, sans-serif;margin-bottom:0in;""><span lang=ES-DO style=""font-size:10.0pt;"">Acceder a la aplicación y realizar cambios en ella.<b></b></span> </p>
  </td>
 </tr>
 <tr>
  <td width=116 style=""width:86.65pt;border:solid #E5B8B7 1.0pt;border-top:none;padding:0in 5.4pt 0in 5.4pt;"">
  <p style=""margin:0in 0in 10pt;font-size:11pt;font-family:Calibri, sans-serif;margin-bottom:0in;""><span lang=ES-DO>Desarrollo de la Historia</span> </p>
  </td>
  <td width=525 style=""width:393.5pt;border-top:none;border-left:none;border-bottom:solid #E5B8B7 1.0pt;border-right:solid #E5B8B7 1.0pt;padding:0in 5.4pt 0in 5.4pt;"">
  <p style=""margin:0in 0in 10pt;font-size:11pt;font-family:Calibri, sans-serif;margin-bottom:0in;text-align:justify;""><span lang=ES-DO style=""font-size:10.0pt;"">La pantalla debe tener los siguientes
  elementos:</span> </p>
  <p style=""margin:0in 0in 10pt;font-size:11pt;font-family:Calibri, sans-serif;margin-bottom:0in;text-align:justify;text-autospace:none;""><b><span lang=ES-DO style=""font-size:10.0pt;"">Campos</span></b> </p>
  <p style=""margin:0in 0in 10pt;font-size:11pt;font-family:Calibri, sans-serif;margin-bottom:0in;text-align:justify;text-autospace:none;""><span lang=ES-DO style=""font-size:10.0pt;"">&nbsp;</span> </p>
  <p style=""margin:0in 0in 10pt;font-size:11pt;font-family:Calibri, sans-serif;margin-bottom:0in;text-align:justify;text-autospace:none;""><span lang=ES-DO style=""font-size:10.0pt;"">-Alfanumérico</span> </p>
  <ul style=""margin-bottom:0in;""><li><span lang=ES-DO style=""font-size:10.0pt;"">Email: 150 caracteres.</span> </li> </ul>
  <p style=""margin:0in 0in 10pt;font-size:11pt;font-family:Calibri, sans-serif;margin-bottom:0in;text-align:justify;text-autospace:none;""><b><span lang=ES-DO style=""font-size:10.0pt;"">Botones</span></b> </p>
  <ul style=""margin-bottom:0in;""><li><span lang=ES-DO style=""font-size:10.0pt;"">Enviar correo de recuperación.</span> </li> </ul>
  <p style=""margin:0in 0in 10pt;font-size:11pt;font-family:Calibri, sans-serif;margin-bottom:0in;text-align:justify;text-autospace:none;""><b><span lang=ES-DO style=""font-size:10.0pt;"">Links</span></b> </p>
  <ul style=""margin-bottom:0in;""><li><u><span lang=ES-DO style=""font-size:10.0pt;color:#4F81BD;"">Regresar
  al login:</span></u><span lang=ES-DO style=""font-size:10.0pt;""> Devuelve al usuario a la página de inicio de sesión.</span> </li> </ul>
  <p style=""margin:0in 0in 10pt;font-size:11pt;font-family:Calibri, sans-serif;margin-bottom:0in;text-align:justify;text-autospace:none;""><b><span lang=ES-DO style=""font-size:10.0pt;color:black;"">Funciones</span></b> </p>
  <p style=""margin:0in 0in 10pt;font-size:11pt;font-family:Calibri, sans-serif;margin-bottom:0in;text-align:justify;text-autospace:none;""><span lang=ES-DO style=""font-size:10.0pt;color:black;"">El usuario debe poder:</span> </p>
  <ul style=""margin-bottom:0in;""><li><span lang=ES-DO style=""font-size:10.0pt;color:black;"">Enviar un correo de recuperación de su
  contraseña con <i>Enviar correo de recuperación</i>.<b></b></span> </li> </ul><ul style=""margin-bottom:0in;""><li><span lang=ES-DO style=""font-size:10.0pt;color:black;"">Retroceder la acción con </span><u><span lang=ES-DO style=""font-size:10.0pt;color:#4F81BD;"">Regresar al login.</span></u><b></b> </li> </ul>
  
  <p style=""margin:0in 0in 10pt;font-size:11pt;font-family:Calibri, sans-serif;margin-bottom:0in;text-align:justify;""><span lang=ES-DO style=""font-size:10.0pt;"">&nbsp;</span> </p>
  </td>
 </tr></tbody></table><div><b></b> </div>",,"<div><ul><li>Que se establezca la conexión con el servidor y se envíe correctamente el correo. </li><li>Sólo se permitirá un máximo de 2 intentos de recuperación cada 24h. </li><li>El enlace o código de recuperación enviado por correo debe expirar después de un tiempo determinado (por ejemplo, 15 minutos). </li> </ul> </div>"
"Product Backlog Item","New","339","HU008 - Configurar autentificación multi factor","**Yo Como:** Usuario registrado en el sistema

**Quiero:** Configurar la autenticación multifactor (MFA) en mi cuenta

**Para que:** Pueda añadir una capa adicional de seguridad al acceder a mi cuenta.

**Desarrollo de la Historia:**

*Elementos visuales:*
- Pantalla de configuración de seguridad con opción de activar o desactivar MFA.
- Selección del método de verificación (correo electrónico o aplicación autenticadora).

*Botones:*
- Activar MFA.
- Desactivar MFA.
- Confirmar código.

*Funciones:*
- Al activar, el sistema debe validar un código de verificación antes de habilitar definitivamente el MFA en la cuenta.

**Elementos conversación:** No hay elementos de conversación.

**Anexos:** No hay anexos.",,"- El sistema debe permitir al usuario activar o desactivar la autenticación multifactor desde su configuración de cuenta.
- Al activar MFA, el sistema debe solicitar la verificación de un código antes de habilitarlo.
- El sistema debe informar al usuario que el MFA quedó activado o desactivado exitosamente.
- El método de verificación configurado debe quedar registrado para su uso en inicios de sesión futuros."
"Product Backlog Item","New","340","HU009 - Requerir autentificación multi factor","**Yo Como:** Usuario que inicia sesión desde un dispositivo nuevo o no reconocido

**Quiero:** Que el sistema me solicite un segundo factor de autenticación al iniciar sesión

**Para que:** Mi cuenta esté protegida incluso si mi contraseña fue comprometida.

**Desarrollo de la Historia:**

*Elementos visuales:*
- Pantalla de verificación solicitando el código MFA tras ingresar credenciales correctas desde un dispositivo nuevo.

*Botones:*
- Verificar código.
- Reenviar código.

*Funciones:*
- El sistema identifica dispositivos nuevos y solo solicita MFA en esos casos, no en cada inicio de sesión desde el mismo dispositivo.

**Elementos conversación:** No hay elementos de conversación.

**Anexos:** No hay anexos.",,"- El sistema debe solicitar un código de verificación adicional cuando el usuario inicie sesión desde un dispositivo no reconocido previamente.
- El sistema debe permitir reenviar el código de verificación si el usuario no lo recibe.
- El acceso solo debe otorgarse tras validar correctamente el código de verificación.
- El sistema debe recordar el dispositivo tras una verificación exitosa, para no solicitar MFA nuevamente en inicios de sesión posteriores desde ese mismo dispositivo."
"Product Backlog Item","New","128","HU010 - Cambiar contraseña","<div><table width=640 style=""border-collapse:collapse;border:none;"">
 <tbody><tr>
  </tr></tbody></table><table width=640 style=""border-collapse:collapse;border:none;""><tbody><tr><td width=116 style=""width:86.65pt;border:solid #E5B8B7 1.0pt;border-bottom:solid #D99594 1.5pt;padding:0cm 5.4pt 0cm 5.4pt;"">
  <p style=""margin:0cm 0cm 10pt;font-size:11pt;font-family:Calibri, sans-serif;margin-bottom:0cm;""><b><span>Yo
  Como</span></b><span></span> </p>
  </td>
  <td width=525 style=""width:393.5pt;border-top:solid #E5B8B7 1.0pt;border-left:none;border-bottom:solid #D99594 1.5pt;border-right:solid #E5B8B7 1.0pt;padding:0cm 5.4pt 0cm 5.4pt;"">
  <p style=""margin:0cm 0cm 10pt;font-size:11pt;font-family:Calibri, sans-serif;margin-bottom:0cm;""><b><span style=""font-size:10.0pt;"">Administrador de sistema, usuario de soporte del sistema, personal de una institución o tutor de la persona que se va a inscribir.</span></b> </p>
  </td>
 </tr>
 <tr>
  <td width=116 style=""width:86.65pt;border:solid #E5B8B7 1.0pt;border-top:none;padding:0cm 5.4pt 0cm 5.4pt;"">
  <p style=""margin:0cm 0cm 10pt;font-size:11pt;font-family:Calibri, sans-serif;margin-bottom:0cm;""><b><span>Quiero</span></b><span></span> </p>
  </td>
  <td width=525 style=""width:393.5pt;border-top:none;border-left:none;border-bottom:solid #E5B8B7 1.0pt;border-right:solid #E5B8B7 1.0pt;padding:0cm 5.4pt 0cm 5.4pt;"">
  <p style=""margin:0cm 0cm 10pt;font-size:11pt;font-family:Calibri, sans-serif;margin-bottom:0cm;""><span style=""font-size:10.0pt;"">Cambiar mi contraseña</span> </p>
  </td>
 </tr>
 <tr>
  <td width=116 style=""width:86.65pt;border:solid #E5B8B7 1.0pt;border-top:none;padding:0cm 5.4pt 0cm 5.4pt;"">
  <p style=""margin:0cm 0cm 10pt;font-size:11pt;font-family:Calibri, sans-serif;margin-bottom:0cm;""><b><span>Para
  que</span></b><span></span> </p>
  </td>
  <td width=525 style=""width:393.5pt;border-top:none;border-left:none;border-bottom:solid #E5B8B7 1.0pt;border-right:solid #E5B8B7 1.0pt;padding:0cm 5.4pt 0cm 5.4pt;"">
  <p style=""margin:0cm 0cm 10pt;font-size:11pt;font-family:Calibri, sans-serif;margin-bottom:0cm;""><span style=""font-size:10.0pt;"">Para poder ingresar con otra contraseña a la página Inscolar.<b></b></span> </p>
  </td>
 </tr>
 <tr>
  <td width=116 style=""width:86.65pt;border:solid #E5B8B7 1.0pt;border-top:none;padding:0cm 5.4pt 0cm 5.4pt;"">
  <p style=""margin:0cm 0cm 10pt;font-size:11pt;font-family:Calibri, sans-serif;margin-bottom:0cm;""><span>Desarrollo
  de la Historia</span> </p>
  </td>
  <td width=525 style=""width:393.5pt;border-top:none;border-left:none;border-bottom:solid #E5B8B7 1.0pt;border-right:solid #E5B8B7 1.0pt;padding:0cm 5.4pt 0cm 5.4pt;"">
  <p style=""margin:0cm 0cm 10pt;font-size:11pt;font-family:Calibri, sans-serif;margin-bottom:0cm;text-align:justify;""><b><i><span style=""font-size:10.0pt;"">Campos:</span></i></b> </p>
  <ul style=""margin-bottom:0cm;""><li><span style=""font-size:10.0pt;"">Contraseña antigua: alfanumérico,
  mínimo 8, máximo 20 caracteres.</span> </li><li><span style=""font-size:10.0pt;"">Contraseña nueva: alfanumérico,
  mínimo 8, máximo 20 caracteres.</span> </li> </ul>
  
  <p style=""margin:0cm 0cm 10pt;font-size:11pt;font-family:Calibri, sans-serif;margin-bottom:0cm;text-align:justify;""><b><i><span style=""font-size:10.0pt;"">Botones:</span></i></b> </p>
  <ul style=""margin-bottom:0cm;""><li><span style=""font-size:10.0pt;"">Cambiar: El botón se encuentra luego
  de los campos y los links, que hará que la contraseña antigua se cambie por
  la nueva. <b><i></i></b></span> </li> </ul>
  <p style=""margin:0cm 0cm 10pt;font-size:11pt;font-family:Calibri, sans-serif;margin-bottom:0cm;text-align:justify;""><b><i><span style=""font-size:10.0pt;"">Links: </span></i></b> </p>
  <p style=""margin:0cm 0cm 10pt;font-size:11pt;font-family:Calibri, sans-serif;margin-bottom:0cm;text-align:justify;""><u><span style=""font-size:10.0pt;color:#558ED5;"">¿Perdiste tu contraseña?</span></u> </p>
  <p style=""margin:0cm 0cm 10pt;font-size:11pt;font-family:Calibri, sans-serif;margin-bottom:0cm;text-align:justify;""><u><span style=""font-size:10.0pt;color:#558ED5;"">¿No tienes cuenta? Regístrate ahora.</span></u><span style=""font-size:10.0pt;""></span> </p>
  </td>
 </tr>
 <tr>
  <td width=116 style=""width:86.65pt;border:solid #E5B8B7 1.0pt;border-top:none;padding:0cm 5.4pt 0cm 5.4pt;""><br> </td><td width=525 style=""width:393.5pt;border-top:none;border-left:none;border-bottom:solid #E5B8B7 1.0pt;border-right:solid #E5B8B7 1.0pt;padding:0cm 5.4pt 0cm 5.4pt;""><br> </td></tr><tr><td width=116 style=""width:86.65pt;border:solid #E5B8B7 1.0pt;border-top:none;padding:0cm 5.4pt 0cm 5.4pt;""><br><p style=""margin:0cm 0cm 10pt;font-size:11pt;font-family:Calibri, sans-serif;margin-bottom:0cm;""><b><span>Elementos
  conversación</span></b><span></span> </p>
  </td>
  <td width=525 style=""width:393.5pt;border-top:none;border-left:none;border-bottom:solid #E5B8B7 1.0pt;border-right:solid #E5B8B7 1.0pt;padding:0cm 5.4pt 0cm 5.4pt;"">
  <p style=""margin:0cm 0cm 10pt;font-size:11pt;font-family:Calibri, sans-serif;margin-bottom:0cm;""><span style=""font-size:10.0pt;"">No identificado por el momento.</span> </p>
  </td>
 </tr>
 <tr>
  <td width=116 style=""width:86.65pt;border:solid #E5B8B7 1.0pt;border-top:none;padding:0cm 5.4pt 0cm 5.4pt;"">
  <p style=""margin:0cm 0cm 10pt;font-size:11pt;font-family:Calibri, sans-serif;margin-bottom:0cm;""><span>Anexos</span> </p>
  </td>
  <td width=525 style=""width:393.5pt;border-top:none;border-left:none;border-bottom:solid #E5B8B7 1.0pt;border-right:solid #E5B8B7 1.0pt;padding:0cm 5.4pt 0cm 5.4pt;"">
  <p style=""margin:0cm 0cm 10pt;font-size:11pt;font-family:Calibri, sans-serif;margin-bottom:0cm;""><span style=""font-size:10.0pt;"">No se encuentran anexos.</span> </p>
  <p style=""margin:0cm 0cm 10pt;font-size:11pt;font-family:Calibri, sans-serif;margin-bottom:0cm;""><span style=""font-size:10.0pt;"">&nbsp;</span> </p>
  </td>
 </tr></tbody></table><br> </div>",,"<div><ul style=""box-sizing:border-box;padding:0px 0px 0px 40px;margin-bottom:0cm;""><li style=""box-sizing:border-box;""><span style=""box-sizing:border-box;font-size:10pt;"">Que se apliquen los cambios una vez seleccionas el botón “Cambiar”.</span> </li><li style=""box-sizing:border-box;""><span style=""box-sizing:border-box;font-size:10pt;""><span style=""box-sizing:border-box;"">El sistema debe solicitar confirmar la nueva contraseña en un campo adicional, para evitar errores de escritura.</span></span> </li><li style=""box-sizing:border-box;""><span style=""box-sizing:border-box;font-size:10pt;""><span style=""box-sizing:border-box;"">El sistema debe notificar al usuario que el cambio de contraseña fue exitoso.</span></span> </li> </ul><br> </div>"
"Product Backlog Item","New","272","HU011 - Visualizar perfil de usuario","<table width=640 style=""border-collapse:collapse;border:none;"">
 <tbody><tr>
  </tr></tbody></table><table width=640 style=""border-collapse:collapse;border:none;"">
 <tbody><tr>
  <td width=116 style=""width:86.65pt;border:solid #E5B8B7 1.0pt;border-bottom:solid #D99594 1.5pt;padding:0cm 5.4pt 0cm 5.4pt;"">
  <p style=""margin:0cm 0cm 10pt;font-size:11pt;font-family:Calibri, sans-serif;margin-bottom:0cm;""><b><span>Yo
  Como</span></b><span></span> </p>
  </td>
  <td width=525 style=""width:393.5pt;border-top:solid #E5B8B7 1.0pt;border-left:none;border-bottom:solid #D99594 1.5pt;border-right:solid #E5B8B7 1.0pt;padding:0cm 5.4pt 0cm 5.4pt;"">
  <p style=""margin:0cm 0cm 10pt;font-size:11pt;font-family:Calibri, sans-serif;margin-bottom:0cm;""><b><span style=""font-size:10.0pt;"">Administrador del sistema, usuario de soporte del sistema,&nbsp; personal de la institución educativa o tutor del aspirante a inscripción.</span></b> </p>
  <p style=""margin:0cm 0cm 10pt;font-size:11pt;font-family:Calibri, sans-serif;margin-bottom:0cm;""><b><span style=""font-size:10.0pt;"">&nbsp;</span></b> </p>
  </td>
 </tr>
 <tr>
  <td width=116 style=""width:86.65pt;border:solid #E5B8B7 1.0pt;border-top:none;padding:0cm 5.4pt 0cm 5.4pt;"">
  <p style=""margin:0cm 0cm 10pt;font-size:11pt;font-family:Calibri, sans-serif;margin-bottom:0cm;""><b><span>Quiero</span></b><span></span> </p>
  </td>
  <td width=525 style=""width:393.5pt;border-top:none;border-left:none;border-bottom:solid #E5B8B7 1.0pt;border-right:solid #E5B8B7 1.0pt;padding:0cm 5.4pt 0cm 5.4pt;"">
  <p style=""margin:0cm 0cm 10pt;font-size:11pt;font-family:Calibri, sans-serif;margin-bottom:0cm;""><span style=""font-size:10.0pt;"">Visualizar la información de mi perfil de usuario.</span> </p>
  </td>
 </tr>
 <tr>
  <td width=116 style=""width:86.65pt;border:solid #E5B8B7 1.0pt;border-top:none;padding:0cm 5.4pt 0cm 5.4pt;"">
  <p style=""margin:0cm 0cm 10pt;font-size:11pt;font-family:Calibri, sans-serif;margin-bottom:0cm;""><b><span>Para
  que</span></b><span></span> </p>
  </td>
  <td width=525 style=""width:393.5pt;border-top:none;border-left:none;border-bottom:solid #E5B8B7 1.0pt;border-right:solid #E5B8B7 1.0pt;padding:0cm 5.4pt 0cm 5.4pt;""><p style=""margin:0cm 0cm 10pt;font-size:11pt;font-family:Calibri, sans-serif;margin-bottom:0cm;""><span style=""font-size:10.0pt;"">Para ver datos propios.</span> </p> </td>
 </tr>
 <tr>
  <td width=116 style=""width:86.65pt;border:solid #E5B8B7 1.0pt;border-top:none;padding:0cm 5.4pt 0cm 5.4pt;"">
  <p style=""margin:0cm 0cm 10pt;font-size:11pt;font-family:Calibri, sans-serif;margin-bottom:0cm;""><span>Desarrollo
  de la Historia</span> </p>
  </td>
  <td width=525 style=""width:393.5pt;border-top:none;border-left:none;border-bottom:solid #E5B8B7 1.0pt;border-right:solid #E5B8B7 1.0pt;padding:0cm 5.4pt 0cm 5.4pt;"">
  <p style=""margin:0cm 0cm 10pt;font-size:11pt;font-family:Calibri, sans-serif;margin-bottom:0cm;text-align:justify;""><b><i><span style=""font-size:10.0pt;"">Títulos:</span></i></b> </p><ul><li style=""margin:0cm 0cm 10pt;font-size:11pt;font-family:Calibri, sans-serif;margin-bottom:0cm;text-align:justify;""><span style=""font-size:10.0pt;"">Perfil de usuario</span><br> </li> </ul><p style=""margin:0cm 0cm 10pt;font-size:11pt;font-family:Calibri, sans-serif;margin-bottom:0cm;text-align:justify;""><b><i><span style=""font-size:10.0pt;""><br></span></i></b> </p><p style=""margin:0cm 0cm 10pt;font-size:11pt;font-family:Calibri, sans-serif;margin-bottom:0cm;text-align:justify;""><b><i><span style=""font-size:10.0pt;"">Campos:</span></i></b> </p><span style=""font-size:10.0pt;""></span><ul style=""margin-bottom:0cm;""><li><span style=""font-size:10.0pt;"">Nombre completo, no editable.</span> </li><li><span style=""font-size:10.0pt;"">Teléfono fijo: numérico, mínimo y máximo de 10 dígitos.</span> </li><li><span style=""font-size:10.0pt;"">Teléfono móvil<span>: numérico, mínimo y máximo de 10 dígitos.</span></span> </li><li><span style=""font-size:10.0pt;"">Sexo: selección multiple, las opciones son:</span> </li><ul><li><span style=""font-size:10.0pt;"">Masculino</span> </li><li><span style=""font-size:10.0pt;"">Femenino</span> </li> </ul> </ul><div><br> </div><p style=""margin:0cm 0cm 10pt;font-size:11pt;font-family:Calibri, sans-serif;margin-bottom:0cm;""><b><i><span style=""font-size:10.0pt;"">Botones:</span></i></b> </p>
  <ul style=""margin-bottom:0cm;""><li>Botón de editar, cuando se presione,el sistema habilitará los campos editables o redirigirá al usuario a la pantalla de edición del perfil. </li> </ul>
  
  
  <p style=""margin:0cm 0cm 10pt;font-size:11pt;font-family:Calibri, sans-serif;margin-top:0cm;margin-right:0cm;margin-bottom:0cm;margin-left:18.0pt;""><b><i><span style=""font-size:10.0pt;"">&nbsp;</span></i></b> </p>
  </td>
 </tr>
 <tr>
  <td width=116 style=""width:86.65pt;border:solid #E5B8B7 1.0pt;border-top:none;padding:0cm 5.4pt 0cm 5.4pt;""><br> </td>
  <td width=525 style=""width:393.5pt;border-top:none;border-left:none;border-bottom:solid #E5B8B7 1.0pt;border-right:solid #E5B8B7 1.0pt;padding:0cm 5.4pt 0cm 5.4pt;""><br> </td>
 </tr>
 <tr>
  <td width=116 style=""width:86.65pt;border:solid #E5B8B7 1.0pt;border-top:none;padding:0cm 5.4pt 0cm 5.4pt;"">
  <p style=""margin:0cm 0cm 10pt;font-size:11pt;font-family:Calibri, sans-serif;margin-bottom:0cm;""><b><span>Elementos
  conversación</span></b><span></span> </p>
  </td>
  <td width=525 style=""width:393.5pt;border-top:none;border-left:none;border-bottom:solid #E5B8B7 1.0pt;border-right:solid #E5B8B7 1.0pt;padding:0cm 5.4pt 0cm 5.4pt;"">
  <p style=""margin:0cm 0cm 10pt;font-size:11pt;font-family:Calibri, sans-serif;margin-bottom:0cm;""><span style=""font-size:10.0pt;"">No hay elementos de conversación por el
  momento.</span> </p>
  </td>
 </tr>
 <tr>
  <td width=116 style=""width:86.65pt;border:solid #E5B8B7 1.0pt;border-top:none;padding:0cm 5.4pt 0cm 5.4pt;"">
  <p style=""margin:0cm 0cm 10pt;font-size:11pt;font-family:Calibri, sans-serif;margin-bottom:0cm;""><span><b>Anexos</b></span> </p>
  </td>
  <td width=525 style=""width:393.5pt;border-top:none;border-left:none;border-bottom:solid #E5B8B7 1.0pt;border-right:solid #E5B8B7 1.0pt;padding:0cm 5.4pt 0cm 5.4pt;"">
  <p style=""margin:0cm 0cm 10pt;font-size:11pt;font-family:Calibri, sans-serif;margin-bottom:0cm;""><span style=""font-size:10.0pt;"">No hay anexos por el momento.</span> </p>
  <p style=""margin:0cm 0cm 10pt;font-size:11pt;font-family:Calibri, sans-serif;margin-bottom:0cm;""><span style=""font-size:10.0pt;"">&nbsp;</span> </p>
  </td>
 </tr></tbody></table><br><br>",,"<div><ul style=""box-sizing:border-box;padding:0px 0px 0px 40px;margin-bottom:0cm;""><li>Los campos Nombre completo, Teléfono fijo, Teléfono móvil y Sexo deberán mostrarse en modo solo lectura. </li><li>Los
 campos de teléfonos se muestra con el numero de teléfono formateado 
basado en el formato estándar usado en la república dominicana (ejemplo:
 (809) 555-1234). </li><li>Todos los campos muestran información correspondiente al usuario al que pertenece la sesión abierta. </li><li>Al seleccionar el botón Editar, el sistema permitirá acceder a la funcionalidad de edición del perfil. </li><li>Si algún dato no está registrado, el sistema mostrará el campo vacío sin generar errores ni impedir la visualización del perfil. </li> </ul><br> </div>"
"Product Backlog Item","New","332","HU012 - Editar perfil de usuario","<table width=640 style=""border-collapse:collapse;border:none;"">
 <tbody><tr></tr></tbody></table><table width=640 style=""border-collapse:collapse;border:none;""><tbody><tr><td width=116 style=""width:86.65pt;border:solid #E5B8B7 1.0pt;border-bottom:solid #D99594 1.5pt;padding:0cm 5.4pt 0cm 5.4pt;""><p style=""margin:0cm 0cm 10pt;font-size:11pt;font-family:Calibri, sans-serif;margin-bottom:0cm;""><b><span>Yo
  Como</span></b><span></span> </p>
  </td>
  <td width=525 style=""width:393.5pt;border-top:solid #E5B8B7 1.0pt;border-left:none;border-bottom:solid #D99594 1.5pt;border-right:solid #E5B8B7 1.0pt;padding:0cm 5.4pt 0cm 5.4pt;"">
  <p style=""margin:0cm 0cm 10pt;font-size:11pt;font-family:Calibri, sans-serif;margin-bottom:0cm;""><b><span style=""font-size:10.0pt;"">Administrador del sistema, usuario de soporte del sistema, personal de la institución educativa o tutor del aspirante a inscripción.</span></b> </p>
  <p style=""margin:0cm 0cm 10pt;font-size:11pt;font-family:Calibri, sans-serif;margin-bottom:0cm;""><b><span style=""font-size:10.0pt;"">&nbsp;</span></b> </p>
  </td>
 </tr>
 <tr>
  <td width=116 style=""width:86.65pt;border:solid #E5B8B7 1.0pt;border-top:none;padding:0cm 5.4pt 0cm 5.4pt;"">
  <p style=""margin:0cm 0cm 10pt;font-size:11pt;font-family:Calibri, sans-serif;margin-bottom:0cm;""><b><span>Quiero</span></b><span></span> </p>
  </td>
  <td width=525 style=""width:393.5pt;border-top:none;border-left:none;border-bottom:solid #E5B8B7 1.0pt;border-right:solid #E5B8B7 1.0pt;padding:0cm 5.4pt 0cm 5.4pt;"">
  <p style=""margin:0cm 0cm 10pt;font-size:11pt;font-family:Calibri, sans-serif;margin-bottom:0cm;""><span style=""font-size:10.0pt;"">Editar la información de mi perfil de usuario.</span> </p>
  </td>
 </tr>
 <tr>
  <td width=116 style=""width:86.65pt;border:solid #E5B8B7 1.0pt;border-top:none;padding:0cm 5.4pt 0cm 5.4pt;"">
  <p style=""margin:0cm 0cm 10pt;font-size:11pt;font-family:Calibri, sans-serif;margin-bottom:0cm;""><b><span>Para
  que</span></b><span></span> </p>
  </td>
  <td width=525 style=""width:393.5pt;border-top:none;border-left:none;border-bottom:solid #E5B8B7 1.0pt;border-right:solid #E5B8B7 1.0pt;padding:0cm 5.4pt 0cm 5.4pt;"">
  <p style=""margin:0cm 0cm 10pt;font-size:11pt;font-family:Calibri, sans-serif;margin-bottom:0cm;""><span style=""font-size:10.0pt;"">Pueda mantener actualizados mis datos personales dentro del sistema.</span> </p> </td>
 </tr>
 <tr>
  <td width=116 style=""width:86.65pt;border:solid #E5B8B7 1.0pt;border-top:none;padding:0cm 5.4pt 0cm 5.4pt;"">
  <p style=""margin:0cm 0cm 10pt;font-size:11pt;font-family:Calibri, sans-serif;margin-bottom:0cm;""><span>Desarrollo
  de la Historia</span> </p>
  </td>
  <td width=525 style=""width:393.5pt;border-top:none;border-left:none;border-bottom:solid #E5B8B7 1.0pt;border-right:solid #E5B8B7 1.0pt;padding:0cm 5.4pt 0cm 5.4pt;"">
  <p style=""margin:0cm 0cm 10pt;font-size:11pt;font-family:Calibri, sans-serif;margin-bottom:0cm;text-align:justify;""><b><i><span style=""font-size:10.0pt;"">Títulos:</span></i></b> </p>
  <ul style=""margin-bottom:0cm;""><li><span style=""font-size:10.0pt;"">Perfil de usuario</span> </li> </ul><div><br> </div>
  
  <p style=""margin:0cm 0cm 10pt;font-size:11pt;font-family:Calibri, sans-serif;margin-bottom:0cm;""><b><i><span style=""font-size:10.0pt;"">Campos:</span></i></b> </p><span style=""font-size:10.0pt;""></span><ul style=""margin-bottom:0cm;""><li><span style=""font-size:10.0pt;"">Nombre completo, no editable.</span> </li><li><span style=""font-size:10.0pt;"">Teléfono fijo: numérico, mínimo y máximo de 10 dígitos.</span> </li><li><span style=""font-size:10.0pt;"">Teléfono móvil<span>: numérico, mínimo y máximo de 10 dígitos.</span></span> </li><li><span style=""font-size:10.0pt;"">Sexo: selección multiple, las opciones son:</span> </li><ul><li><span style=""font-size:10.0pt;"">Masculino</span> </li><li><span style=""font-size:10.0pt;"">Femenino</span> </li> </ul> </ul><div><br> </div>
  
  <p style=""margin:0cm 0cm 10pt;font-size:11pt;font-family:Calibri, sans-serif;margin-bottom:0cm;""><b><i><span style=""font-size:10.0pt;"">Botones:</span></i></b> </p>
  <ul style=""margin-bottom:0cm;""><li><span style=""font-size:10.0pt;""><span>Guardar información: Al seleccionarlo, el sistema almacenará los cambios realizados en el perfil.</span><span><br></span></span> </li><li><span style=""font-size:10.0pt;""><span>Cancelar: Al seleccionarlo, descartará los cambios no guardados y regresará a la pantalla de visualización del perfil.</span>.</span> </li> </ul>
  
  
  <p style=""margin:0cm 0cm 10pt;font-size:11pt;font-family:Calibri, sans-serif;margin-top:0cm;margin-right:0cm;margin-bottom:0cm;margin-left:18.0pt;""><b><i><span style=""font-size:10.0pt;"">&nbsp;</span></i></b> </p>
  </td>
 </tr>
 <tr>
  <td width=116 style=""width:86.65pt;border:solid #E5B8B7 1.0pt;border-top:none;padding:0cm 5.4pt 0cm 5.4pt;"">
  <p style=""margin:0cm 0cm 10pt;font-size:11pt;font-family:Calibri, sans-serif;margin-bottom:0cm;""><b><span>Criterios
  de Aceptación</span></b><span></span> </p>
  </td>
  <td width=525 style=""width:393.5pt;border-top:none;border-left:none;border-bottom:solid #E5B8B7 1.0pt;border-right:solid #E5B8B7 1.0pt;padding:0cm 5.4pt 0cm 5.4pt;"">
  <ul style=""margin-bottom:0cm;""><li><span>Al acceder a la funcionalidad de edición, el sistema mostrará los datos actuales del perfil del usuario.</span> </li><li>El campo Nombre completo deberá mostrarse en modo solo lectura y no podrá ser modificado. </li><li>Los campos Teléfono fijo y Teléfono móvil aceptarán únicamente caracteres numéricos. </li><li>Los campos Teléfono fijo y Teléfono móvil deberán mostrarse utilizando el formato definido para la República Dominicana (ejemplo: (809) 555-1234). </li><li>Al seleccionar Guardar información, el sistema almacenará los cambios realizados en el perfil. </li><li>Después de guardar exitosamente la información, el sistema mostrará un mensaje de confirmación indicando que los datos fueron actualizados correctamente. </li><li>Al volver a acceder al perfil, el sistema deberá mostrar la información más reciente guardada por el usuario. </li><li>Al seleccionar Cancelar, el sistema descartará cualquier cambio no guardado y regresará a la pantalla de visualización del perfil. </li><li><span>Si alguno de los campos editables no contiene información, el usuario podrá dejarlo vacío sin que esto impida guardar los demás cambios.</span> </li> </ul>
  
  
  
  
  </td>
 </tr>
 <tr>
  <td width=116 style=""width:86.65pt;border:solid #E5B8B7 1.0pt;border-top:none;padding:0cm 5.4pt 0cm 5.4pt;"">
  <p style=""margin:0cm 0cm 10pt;font-size:11pt;font-family:Calibri, sans-serif;margin-bottom:0cm;""><b><span>Elementos
  conversación</span></b><span></span> </p>
  </td>
  <td width=525 style=""width:393.5pt;border-top:none;border-left:none;border-bottom:solid #E5B8B7 1.0pt;border-right:solid #E5B8B7 1.0pt;padding:0cm 5.4pt 0cm 5.4pt;"">
  <p style=""margin:0cm 0cm 10pt;font-size:11pt;font-family:Calibri, sans-serif;margin-bottom:0cm;""><span style=""font-size:10.0pt;"">No hay elementos de conversación por el
  momento.</span> </p>
  </td>
 </tr>
 <tr>
  <td width=116 style=""width:86.65pt;border:solid #E5B8B7 1.0pt;border-top:none;padding:0cm 5.4pt 0cm 5.4pt;"">
  <p style=""margin:0cm 0cm 10pt;font-size:11pt;font-family:Calibri, sans-serif;margin-bottom:0cm;""><span>Anexos</span> </p>
  </td>
  <td width=525 style=""width:393.5pt;border-top:none;border-left:none;border-bottom:solid #E5B8B7 1.0pt;border-right:solid #E5B8B7 1.0pt;padding:0cm 5.4pt 0cm 5.4pt;"">
  <p style=""margin:0cm 0cm 10pt;font-size:11pt;font-family:Calibri, sans-serif;margin-bottom:0cm;""><span style=""font-size:10.0pt;"">No hay anexos por el momento.</span> </p>
  <p style=""margin:0cm 0cm 10pt;font-size:11pt;font-family:Calibri, sans-serif;margin-bottom:0cm;""><span style=""font-size:10.0pt;"">&nbsp;</span> </p>
  </td>
 </tr></tbody></table><br><br>",,"<div><ul style=""box-sizing:border-box;padding:0px 0px 0px 40px;margin-bottom:0cm;""><span></span><li><span>Al acceder a la funcionalidad de edición, el sistema mostrará los datos actuales del perfil del usuario.</span> </li><li>El campo Nombre completo deberá mostrarse en modo solo lectura y no podrá ser modificado. </li><li>Los campos Teléfono fijo y Teléfono móvil aceptarán únicamente caracteres numéricos. </li><li>Los
 campos Teléfono fijo y Teléfono móvil deberán mostrarse utilizando el 
formato definido para la República Dominicana (ejemplo: (809) 555-1234). </li><li>Al seleccionar Guardar información, el sistema almacenará los cambios realizados en el perfil. </li><li>Después
 de guardar exitosamente la información, el sistema mostrará un mensaje 
de confirmación indicando que los datos fueron actualizados 
correctamente. </li><li>Al volver a acceder al perfil, el sistema deberá mostrar la información más reciente guardada por el usuario. </li><li>Al
 seleccionar Cancelar, el sistema descartará cualquier cambio no 
guardado y regresará a la pantalla de visualización del perfil. </li><li><span>Si
 alguno de los campos editables no contiene información, el usuario 
podrá dejarlo vacío sin que esto impida guardar los demás cambios.</span> </li> </ul><br> </div>"
"Product Backlog Item","New","341","HU013 - Activar un usuario","**Yo Como:** Administrador del sistema

**Quiero:** Activar la cuenta de un usuario que se encuentra inactiva

**Para que:** El usuario pueda volver a acceder al sistema con normalidad.

**Desarrollo de la Historia:**

*Elementos visuales:*
- Listado de usuarios con su estado (activo/inactivo).
- Botón &quot;Activar&quot; junto a cada usuario inactivo.

*Botones:*
- Activar usuario.

*Funciones:*
- Al activar, el sistema debe notificar al usuario que su cuenta fue reactivada.

**Elementos conversación:** No hay elementos de conversación.

**Anexos:** No hay anexos.",,"- Solo un usuario con rol de administrador puede activar la cuenta de otro usuario.
- El sistema debe mostrar el estado actual (activo/inactivo) de cada usuario en el listado.
- Al activar un usuario, este debe recuperar de inmediato la capacidad de iniciar sesión.
- El sistema debe notificar por correo al usuario que su cuenta fue reactivada."
"Product Backlog Item","New","342","HU014 - Desactivar un usuario","**Yo Como:** Administrador del sistema

**Quiero:** Desactivar la cuenta de un usuario

**Para que:** Pueda impedir el acceso al sistema de usuarios que ya no deben tenerlo, sin eliminar su información.

**Desarrollo de la Historia:**

*Elementos visuales:*
- Listado de usuarios con su estado (activo/inactivo).
- Botón &quot;Desactivar&quot; junto a cada usuario activo.

*Botones:*
- Desactivar usuario.

*Funciones:*
- Al desactivar, el sistema debe cerrar cualquier sesión activa del usuario e impedir futuros inicios de sesión hasta que sea reactivado.

**Elementos conversación:** No hay elementos de conversación.

**Anexos:** No hay anexos.",,"- Solo un usuario con rol de administrador puede desactivar la cuenta de otro usuario.
- Al desactivar un usuario, cualquier sesión activa de ese usuario debe cerrarse de inmediato.
- Un usuario desactivado no debe poder iniciar sesión hasta que un administrador lo reactive.
- El sistema debe mostrar el estado actualizado (inactivo) del usuario en el listado."
"Product Backlog Item","New","343","HU015 - Modificar un usuario","**Yo Como:** Administrador del sistema o usuario de soporte.  

  

**Quiero:** Modificar la información de la cuenta de un usuario.  

  

**Para que:** Pueda corregir datos incorrectos o la institución asignada a un usuario.  

  

## Desarrollo de la Historia  

  

### Elementos visuales  

  

- Formulario con los datos del usuario seleccionado.  

  

### Campos  

  

- **Nombre completo** (Texto)  
    - Obligatorio.  
    - Mínimo 3 caracteres.  
    - Máximo 150 caracteres.  
    - Solo permite letras, espacios, apóstrofes y guiones.  



- **Correo electrónico** (Correo electrónico)  
    - Obligatorio.  
    - Máximo 254 caracteres.  
    - Debe cumplir con un formato de correo válido.  
    - Debe ser único dentro del sistema.  



- **Institución asignada** (Lista desplegable)  
    - Obligatorio para usuarios de tipo Personal de institución educativa.  
    - No aplica para Administradores del sistema y Usuarios de soporte o tutores.  

  

### Botones  

- Guardar cambios: Al seleccionarlo, el sistema validará los datos ingresados y almacenará los cambios realizados.  

- Cancelar:  Al seleccionarlo, descartará los cambios no guardados y regresará a la pantalla anterior.  

  

### Funciones  

  

- El sistema debe validar que el correo electrónico no esté siendo utilizado por otro usuario cuando este sea modificado.  

- El sistema debe mostrar la información actual del usuario seleccionado al ingresar a la pantalla de edición.  

  

### Reglas de negocio  

  

- Un Administrador del sistema puede modificar la información de cualquier usuario registrado en la plataforma.  

- Un Usuario de soporte únicamente puede modificar usuarios cuyo rol sea:  

- Personal de institución educativa.  

- Tutor.  

- Un Usuario de soporte no puede modificar cuentas de Administradores del sistema.  

- Un Usuario de soporte no puede modificar cuentas de otros Usuarios de soporte.  

- El sistema no permitirá guardar cambios si existen errores de validación o campos obligatorios vacíos.  
  

## Elementos conversación  

  

No hay elementos de conversación.  

  

## Anexos  

  

No hay anexos.",,"*   El sistema deberá mostrar la información actual del usuario seleccionado al acceder a la pantalla de edición.
    
*   El Administrador del sistema podrá editar cualquier usuario registrado en la plataforma.
    
*   El Usuario de soporte solo podrá editar usuarios de tipo Personal de institución educativa o Tutor.
    
*   Si un Usuario de soporte intenta editar un Administrador del sistema o un Usuario de soporte, el sistema deberá impedir la acción y mostrar un mensaje de permisos insuficientes.
    
*   El campo Correo electrónico deberá cumplir con el formato válido de correo electrónico.
    
*   Si el correo electrónico ingresado ya pertenece a otro usuario, el sistema mostrará un mensaje de validación y no permitirá guardar los cambios.
    
*   Los campos obligatorios no podrán quedar vacíos.
    
*   Al seleccionar **Guardar cambios**, el sistema almacenará la información actualizada y mostrará un mensaje de confirmación.
    
*   Al seleccionar **Cancelar**, el sistema descartará los cambios realizados y regresará a la pantalla anterior.
    
*   Una vez guardados los cambios, el sistema deberá mostrar la información actualizada en futuras consultas del usuario."
"Product Backlog Item","Removed","232","HU016 - Agregar comentarios","<div><b></b> </div><table width=640 style=""border-collapse:collapse;border:none;"">
 <tbody><tr style="""">
  <td width=116 style=""width:86.65pt;border:solid #E5B8B7 1.0pt;border-bottom:solid #D99594 1.5pt;padding:0in 5.4pt 0in 5.4pt;"">
  <p style=""margin:0in 0in 10pt;font-size:11pt;font-family:Calibri, sans-serif;margin-bottom:0in;""><b><span lang=ES-DO style="""">Yo Como</span></b><span lang=ES-DO style=""""></span> </p>
  </td>
  <td width=525 style=""width:393.5pt;border-top:solid #E5B8B7 1.0pt;border-left:none;border-bottom:solid #D99594 1.5pt;border-right:solid #E5B8B7 1.0pt;padding:0in 5.4pt 0in 5.4pt;"">
  <p style=""margin:0in 0in 10pt;font-size:11pt;font-family:Calibri, sans-serif;margin-bottom:0in;""><b><span lang=ES-DO style=""font-size:10.0pt;"">Usuario de Inscolar</span></b> </p>
  <p style=""margin:0in 0in 10pt;font-size:11pt;font-family:Calibri, sans-serif;margin-bottom:0in;""><b><span lang=ES-DO style=""font-size:10.0pt;"">Padre/Madre/Tutor </span></b><span lang=ES-DO style=""font-size:10.0pt;""></span> </p>
  </td>
 </tr>
 <tr style="""">
  <td width=116 style=""width:86.65pt;border:solid #E5B8B7 1.0pt;border-top:none;padding:0in 5.4pt 0in 5.4pt;"">
  <p style=""margin:0in 0in 10pt;font-size:11pt;font-family:Calibri, sans-serif;margin-bottom:0in;""><b><span lang=ES-DO style="""">Quiero</span></b><span lang=ES-DO style=""""></span> </p>
  </td>
  <td width=525 style=""width:393.5pt;border-top:none;border-left:none;border-bottom:solid #E5B8B7 1.0pt;border-right:solid #E5B8B7 1.0pt;padding:0in 5.4pt 0in 5.4pt;"">
  <p style=""margin:0in 0in 10pt;font-size:11pt;font-family:Calibri, sans-serif;margin-bottom:0in;""><span lang=ES-DO style=""font-size:10.0pt;"">Agregar un comentario.</span> </p>
  </td>
 </tr>
 <tr style="""">
  <td width=116 style=""width:86.65pt;border:solid #E5B8B7 1.0pt;border-top:none;padding:0in 5.4pt 0in 5.4pt;"">
  <p style=""margin:0in 0in 10pt;font-size:11pt;font-family:Calibri, sans-serif;margin-bottom:0in;""><b><span lang=ES-DO style="""">Para que</span></b><span lang=ES-DO style=""""></span> </p>
  </td>
  <td width=525 style=""width:393.5pt;border-top:none;border-left:none;border-bottom:solid #E5B8B7 1.0pt;border-right:solid #E5B8B7 1.0pt;padding:0in 5.4pt 0in 5.4pt;"">
  <p style=""margin:0in 0in 10pt;font-size:11pt;font-family:Calibri, sans-serif;margin-bottom:0in;""><span lang=ES-DO style=""font-size:10.0pt;"">Calificar una institución educativa y dejar mis opiniones sobre
  ella.<b></b></span> </p>
  </td>
 </tr>
 <tr style="""">
  <td width=116 style=""width:86.65pt;border:solid #E5B8B7 1.0pt;border-top:none;padding:0in 5.4pt 0in 5.4pt;"">
  <p style=""margin:0in 0in 10pt;font-size:11pt;font-family:Calibri, sans-serif;margin-bottom:0in;""><span lang=ES-DO style="""">Desarrollo de la Historia</span> </p>
  </td>
  <td width=525 style=""width:393.5pt;border-top:none;border-left:none;border-bottom:solid #E5B8B7 1.0pt;border-right:solid #E5B8B7 1.0pt;padding:0in 5.4pt 0in 5.4pt;"">
  <p style=""margin:0in 0in 10pt;font-size:11pt;font-family:Calibri, sans-serif;margin-bottom:0in;text-align:justify;""><span lang=ES-DO style=""font-size:10.0pt;"">La pantalla debe tener los siguientes
  elementos:</span> </p>
  <p style=""margin:0in 0in 10pt;font-size:11pt;font-family:Calibri, sans-serif;margin-bottom:0in;text-align:justify;""><span lang=ES-DO style=""font-size:10.0pt;"">&nbsp;</span> </p>
  <p style=""margin:0in 0in 10pt;font-size:11pt;font-family:Calibri, sans-serif;margin-bottom:0in;text-align:justify;text-autospace:none;""><b><span lang=ES-DO style=""font-size:10.0pt;"">Campos</span></b> </p>
  <ul style=""margin-bottom:0in;""><li><span lang=ES-DO style=""font-size:10.0pt;"">Comentario: 120 caracteres, alfanumérico.</span> </li> </ul>
  <p style=""margin:0in 0in 10pt;font-size:11pt;font-family:Calibri, sans-serif;margin-bottom:0in;text-align:justify;text-autospace:none;""><b><span lang=ES-DO style=""font-size:10.0pt;"">Botones</span></b> </p>
  <ul style=""margin-bottom:0in;""><li><span lang=ES-DO style=""font-size:10.0pt;"">Enviar: Agrega el comentario.</span> </li><li><span lang=ES-DO style=""font-size:10.0pt;"">Cancelar: Detiene la acción.</span> </li> </ul>
  
  <p style=""margin:0in 0in 10pt;font-size:11pt;font-family:Calibri, sans-serif;margin-bottom:0in;text-align:justify;text-autospace:none;""><b><span lang=ES-DO style=""font-size:10.0pt;color:black;"">Funciones</span></b> </p>
  <p style=""margin:0in 0in 10pt;font-size:11pt;font-family:Calibri, sans-serif;margin-bottom:0in;text-align:justify;text-autospace:none;""><span lang=ES-DO style=""font-size:10.0pt;color:black;"">El usuario debe poder:</span> </p>
  <ul style=""margin-bottom:0in;""><li><span lang=ES-DO style=""font-size:10.0pt;color:black;"">Agregar un comentario en base a su
  preferencia.<b></b></span> </li> </ul><ul style=""margin-bottom:0in;""><li><span lang=ES-DO style=""font-size:10.0pt;color:black;"">Cancelar la acción.<b></b></span> </li> </ul>
  
  <p style=""margin:0in 0in 10pt;font-size:11pt;font-family:Calibri, sans-serif;margin-bottom:0in;text-align:justify;""><span lang=ES-DO style=""font-size:10.0pt;"">&nbsp;</span> </p>
  </td>
 </tr></tbody></table><div><b></b> </div>",,"<div><p style=""margin:0in 0in 10pt;font-size:11pt;font-family:Calibri, sans-serif;text-align:justify;text-autospace:none;""><span lang=ES-DO style=""font-size:10.0pt;"">-Palabras obscenas no están permitidas.</span> </p><span lang=ES-DO style=""font-size:10.0pt;font-family:&quot;Calibri&quot;,sans-serif;"">-Se deben validar los datos al presionar <i>Enviar.</i></span><br> </div>"
"Product Backlog Item","New","345","HU016 - Reset de la contraseña de un usuario","**Yo Como:** Administrador del sistema o usuario de soporte

**Quiero:** Restablecer la contraseña de un usuario

**Para que:** El usuario pueda recuperar el acceso a su cuenta cuando no pueda hacerlo por sí mismo, o por motivos de seguridad.

**Desarrollo de la Historia:**

*Elementos visuales:*
- Listado de usuarios con botón &quot;Reset contraseña&quot; junto a cada uno.

*Botones:*
- Reset contraseña.

*Funciones:*
- Al reset, el sistema genera una contraseña temporal o un enlace de restablecimiento y lo envía al correo registrado del usuario.

**Elementos conversación:** No hay elementos de conversación.

**Anexos:** No hay anexos.",,"- Solo un usuario con rol de administrador o rol de soporte puede resetear la contraseña de otro usuario.
- El sistema debe generar una contraseña temporal o un enlace de restablecimiento y enviarlo al correo registrado del usuario.
- El usuario debe estar obligado a cambiar la contraseña temporal en su próximo inicio de sesión.
- El sistema debe registrar la fecha y el administrador que realizó el reseteo, para fines de auditoría."
"Product Backlog Item","New","344","HU017 - Notificar a administradores cuando se modifique un usuario administrador","**Yo Como:** Administrador del sistema

**Quiero:** Recibir una notificación cuando la cuenta de otro usuario administrador sea modificada

**Para que:** Pueda estar al tanto de cambios sensibles y detectar modificaciones no autorizadas.

**Desarrollo de la Historia:**

*Elementos visuales:*
- Notificación en la interfaz web y por correo electrónico, indicando qué administrador fue modificado, qué cambió y quién realizó el cambio.

*Botones:*
- Ver detalle.

*Funciones:*
- La notificación se dispara automáticamente ante cualquier modificación en un usuario con rol administrativo (cambio de rol, reseteo de contraseña, activación o desactivación).

**Elementos conversación:** No hay elementos de conversación.

**Anexos:** No hay anexos.",,"- El sistema debe notificar a todos los administradores cuando se modifique la cuenta de otro usuario administrador.
- La notificación debe indicar qué campo fue modificado y qué administrador realizó el cambio.
- La notificación debe enviarse tanto dentro del sistema como por correo electrónico.
- La notificación debe generarse de forma inmediata tras realizarse el cambio."
"Product Backlog Item","New","200","HU018 - Cerrar sesión","<table width=640 style=""border-collapse:collapse;border:none;"">
 <tbody><tr>
  </tr></tbody></table><table width=640 style=""border-collapse:collapse;border:none;""><tbody><tr><td width=116 style=""width:86.65pt;border:solid #E5B8B7 1.0pt;border-bottom:solid #D99594 1.5pt;padding:0cm 5.4pt 0cm 5.4pt;"">
  <p style=""margin:0cm 0cm 10pt;font-size:11pt;font-family:Calibri, sans-serif;margin-bottom:0cm;""><b><span>Yo
  Como</span></b><span></span> </p>
  </td>
  <td width=525 style=""width:393.5pt;border-top:solid #E5B8B7 1.0pt;border-left:none;border-bottom:solid #D99594 1.5pt;border-right:solid #E5B8B7 1.0pt;padding:0cm 5.4pt 0cm 5.4pt;"">
  <p style=""margin:0cm 0cm 10pt;font-size:11pt;font-family:Calibri, sans-serif;margin-bottom:0cm;""><b><span style=""font-size:10.0pt;"">Administrador del sistema, personal de la institución educativa o tutor del aspirante a inscripción.</span></b> </p> </td>
 </tr>
 <tr>
  <td width=116 style=""width:86.65pt;border:solid #E5B8B7 1.0pt;border-top:none;padding:0cm 5.4pt 0cm 5.4pt;"">
  <p style=""margin:0cm 0cm 10pt;font-size:11pt;font-family:Calibri, sans-serif;margin-bottom:0cm;""><b><span>Quiero</span></b><span></span> </p>
  </td>
  <td width=525 style=""width:393.5pt;border-top:none;border-left:none;border-bottom:solid #E5B8B7 1.0pt;border-right:solid #E5B8B7 1.0pt;padding:0cm 5.4pt 0cm 5.4pt;"">
  <p style=""margin:0cm 0cm 10pt;font-size:11pt;font-family:Calibri, sans-serif;margin-bottom:0cm;""><span style=""font-size:10.0pt;"">Cerrar sesión</span> </p>
  </td>
 </tr>
 <tr>
  <td width=116 style=""width:86.65pt;border:solid #E5B8B7 1.0pt;border-top:none;padding:0cm 5.4pt 0cm 5.4pt;"">
  <p style=""margin:0cm 0cm 10pt;font-size:11pt;font-family:Calibri, sans-serif;margin-bottom:0cm;""><b><span>Para
  que</span></b> </p>
  </td>
  <td width=525 style=""width:393.5pt;border-top:none;border-left:none;border-bottom:solid #E5B8B7 1.0pt;border-right:solid #E5B8B7 1.0pt;padding:0cm 5.4pt 0cm 5.4pt;"">Para proteger mi privacidad y permitir el uso de la pagina a otros usuarios desde el mismo dispositivo. </td>
 </tr>
 <tr>
  <td width=116 style=""width:86.65pt;border:solid #E5B8B7 1.0pt;border-top:none;padding:0cm 5.4pt 0cm 5.4pt;"">
  <p style=""margin:0cm 0cm 10pt;font-size:11pt;font-family:Calibri, sans-serif;margin-bottom:0cm;""><span>Desarrollo
  de la Historia</span> </p>
  </td>
  <td width=525 style=""width:393.5pt;border-top:none;border-left:none;border-bottom:solid #E5B8B7 1.0pt;border-right:solid #E5B8B7 1.0pt;padding:0cm 5.4pt 0cm 5.4pt;"">
  <p style=""margin:0cm 0cm 10pt;font-size:11pt;font-family:Calibri, sans-serif;margin-bottom:0cm;text-align:justify;""><b><i><span style=""font-size:10.0pt;"">Campos:</span></i></b> </p>
  <ul style=""margin-bottom:0cm;""><li><span style=""font-size:10.0pt;"">No incluye campos.<b><i></i></b></span> </li> </ul>
  <p style=""margin:0cm 0cm 10pt;font-size:11pt;font-family:Calibri, sans-serif;margin-bottom:0cm;text-align:justify;""><b><i><span style=""font-size:10.0pt;"">Etiqueta:</span></i></b> </p>
  <ul style=""margin-bottom:0cm;""><li><span style=""font-size:10.0pt;"">Incluye una etiqueta diciendo “¿Estás
  seguro de que quieres cerrar sesión?”<b><i></i></b></span> </li> </ul>
  <p style=""margin:0cm 0cm 10pt;font-size:11pt;font-family:Calibri, sans-serif;margin-bottom:0cm;text-align:justify;""><b><i><span style=""font-size:10.0pt;"">Botones:</span></i></b> </p>
  <ul style=""margin-bottom:0cm;""><li><span style=""font-size:10.0pt;"">Un botón de “Sí” (al seleccionarlo
  cerrará sesión y redirigirá al usuario a la página de iniciar sesión).<b><i></i></b></span> </li><li><span style=""font-size:10.0pt;"">Un botón de “No” (Al seleccionarlo se cerrara el cuadro de <span>diálogo</span> sin hacer ningún otro cambio).</span> </li> </ul>
  
  </td>
 </tr>
 <tr>
  <td width=116 style=""width:86.65pt;border:solid #E5B8B7 1.0pt;border-top:none;padding:0cm 5.4pt 0cm 5.4pt;"">
  <p style=""margin:0cm 0cm 10pt;font-size:11pt;font-family:Calibri, sans-serif;margin-bottom:0cm;""><b><span>Criterios
  de Aceptación</span></b><span></span> </p>
  </td>
  <td width=525 style=""width:393.5pt;border-top:none;border-left:none;border-bottom:solid #E5B8B7 1.0pt;border-right:solid #E5B8B7 1.0pt;padding:0cm 5.4pt 0cm 5.4pt;"">
  <ul style=""margin-bottom:0cm;""><li><span style=""font-size:10.0pt;"">El sistema debe mostrar claramente las opciones &quot;Sí&quot; y &quot;No&quot; para que el usuario pueda seleccionarlas.</span> </li><li><span style=""font-size:10.0pt;"">El usuario al seleccionar el botón de
  “Sí”, se&nbsp;eliminará la información de autenticación actual y redirigirá al usuario a la página de iniciar sesión.</span> </li><li><span style=""font-size:10.0pt;"">El usuario, al seleccionar el botón &quot;No&quot;, cerrará el cuadro de diálogo de confirmación y permanecerá en la pantalla donde se encontraba, manteniendo su sesión activa.</span> </li> </ul>
  
  
  </td>
 </tr>
 <tr>
  <td width=116 style=""width:86.65pt;border:solid #E5B8B7 1.0pt;border-top:none;padding:0cm 5.4pt 0cm 5.4pt;"">
  <p style=""margin:0cm 0cm 10pt;font-size:11pt;font-family:Calibri, sans-serif;margin-bottom:0cm;""><b><span>Elementos
  conversación</span></b><span></span> </p>
  </td>
  <td width=525 style=""width:393.5pt;border-top:none;border-left:none;border-bottom:solid #E5B8B7 1.0pt;border-right:solid #E5B8B7 1.0pt;padding:0cm 5.4pt 0cm 5.4pt;"">
  <p style=""margin:0cm 0cm 10pt;font-size:11pt;font-family:Calibri, sans-serif;margin-bottom:0cm;""><span style=""font-size:10.0pt;"">No hay elementos de conversación.</span> </p>
  </td>
 </tr>
 <tr>
  <td width=116 style=""width:86.65pt;border:solid #E5B8B7 1.0pt;border-top:none;padding:0cm 5.4pt 0cm 5.4pt;"">
  <p style=""margin:0cm 0cm 10pt;font-size:11pt;font-family:Calibri, sans-serif;margin-bottom:0cm;""><span>Anexos</span> </p>
  </td>
  <td width=525 style=""width:393.5pt;border-top:none;border-left:none;border-bottom:solid #E5B8B7 1.0pt;border-right:solid #E5B8B7 1.0pt;padding:0cm 5.4pt 0cm 5.4pt;"">
  <p style=""margin:0cm 0cm 10pt;font-size:11pt;font-family:Calibri, sans-serif;margin-bottom:0cm;""><span style=""font-size:10.0pt;"">No hay anexos.</span> </p>
  <p style=""margin:0cm 0cm 10pt;font-size:11pt;font-family:Calibri, sans-serif;margin-bottom:0cm;""><span style=""font-size:10.0pt;"">&nbsp;</span> </p>
  </td>
 </tr></tbody></table><br>",,"<div><span style=""box-sizing:border-box;font-size:10pt;""></span><ul style=""box-sizing:border-box;padding:0px 0px 0px 40px;margin-bottom:0cm;""><li><span style=""font-size:10.0pt;"">El sistema debe mostrar claramente las opciones &quot;Sí&quot; y &quot;No&quot; para que el usuario pueda seleccionarlas.</span> </li><li><span style=""font-size:10.0pt;"">El usuario al seleccionar el botón de
  “Sí”, se&nbsp;eliminará la información de autenticación actual y redirigirá al usuario a la página de iniciar sesion.</span> </li><li><span style=""font-size:10.0pt;"">El
 usuario, al seleccionar el botón &quot;No&quot;, cerrará el cuadro de diálogo de 
confirmación y permanecerá en la pantalla donde se encontraba, 
manteniendo su sesión activa.</span> </li> </ul><br> </div>"
"Product Backlog Item","New","347","HU019 - Agregar una institucion","**Yo Como:** Administrador del sistema.  

  

**Quiero:** Registrar una nueva institución educativa en el sistema.  

  

**Para que:** Pueda habilitar su gestión dentro de la plataforma y asociar usuarios a la institución.  

  

## Desarrollo de la Historia  

  

### Elementos visuales  

  

- Formulario de registro de institución.  

  

### Campos  

  

- **Nombre de la institución** (Texto)  

- Obligatorio.  

- Mínimo 3 caracteres.  

- Máximo 200 caracteres.  

- Debe ser único dentro del sistema.  

  

- **RNC** (Numérico)  

- Obligatorio.  

- Exactamente 9 dígitos.  

- Solo permite caracteres numéricos.  

- Debe ser único dentro del sistema.  

  

- **Correo electrónico institucional** (Correo electrónico)  

- Obligatorio.  

- Máximo 254 caracteres.  

- Debe cumplir con un formato de correo válido.  

  

- **Teléfono de contacto** (Numérico)  

- Obligatorio.  

- Exactamente 10 dígitos.  

- Debe mostrarse utilizando el formato estándar de República Dominicana.  

  

- **Dirección** (Texto)  

- Obligatorio.  

- Máximo 500 caracteres.  

  

- **Logo institucional** (Imagen)  

- Opcional.  

- Formatos permitidos: JPG, JPEG, PNG y WEBP.  

- Tamaño máximo: 5 MB.  

- Debe permitir previsualización antes de guardar.  

  

- **Imagen de fondo** (Imagen)  

- Opcional.  

- Formatos permitidos: JPG, JPEG, PNG y WEBP.  

- Tamaño máximo: 10 MB.  

- Debe permitir previsualización antes de guardar.  

  

  

### Botones  

  

- **Guardar**  

- Al seleccionarlo, el sistema validará los datos ingresados y registrará la institución.  

  

- **Cancelar**  

- Al seleccionarlo, descartará la información ingresada y regresará a la pantalla anterior.  

  

### Funciones  

  

- El sistema debe validar que el nombre de la institución no exista previamente.  

- El sistema debe validar que el RNC no exista previamente.  

- El sistema debe permitir registrar instituciones en estado Activa o Inactiva.  

- El sistema debe permitir la carga y almacenamiento del logo institucional.  

- El sistema debe permitir la carga y almacenamiento de una imagen de fondo para la institución.",,"1. Solo los usuarios con rol de Administrador del sistema podrán acceder a la funcionalidad de agregar instituciones.  

  

2. El sistema deberá mostrar todos los campos requeridos para el registro de una institución.  

  

3. Los campos obligatorios no podrán permanecer vacíos al momento de guardar.  

  

4. El sistema no permitirá registrar dos instituciones con el mismo nombre.  

  

5. El sistema no permitirá registrar dos instituciones con el mismo RNC.  

  

6. El campo RNC deberá contener exactamente 9 dígitos numéricos.  

  

7. El sistema deberá validar que el RNC contenga únicamente caracteres numéricos.  

  

8. El campo Correo electrónico institucional deberá cumplir con un formato de correo válido.  

  

9. El sistema no permitirá registrar dos instituciones con el mismo correo electrónico institucional.  

  

10. El campo Teléfono de contacto deberá contener exactamente 10 dígitos numéricos.  

  

11. El sistema deberá validar que el campo Teléfono de contacto contenga únicamente caracteres numéricos.  

  

12. El sistema deberá permitir cargar una imagen para el logo institucional.  

  

13. El sistema deberá permitir cargar una imagen de fondo para la institución.  

  

14. El sistema solo aceptará imágenes en formato JPG, JPEG, PNG o WEBP para el logo y la imagen de fondo.  

  

15. El sistema no permitirá cargar imágenes que excedan el tamaño máximo configurado para cada tipo de imagen.  

  

16. El sistema deberá mostrar una previsualización del logo institucional antes de guardar la institución.  

  

17. El sistema deberá mostrar una previsualización de la imagen de fondo antes de guardar la institución.  

  

18. Al seleccionar **Guardar**, el sistema validará toda la información ingresada antes de registrar la institución.  

  

19. Si todas las validaciones son correctas, el sistema registrará la institución junto con las imágenes asociadas.  

  

20. Después de registrar exitosamente una institución, el sistema mostrará un mensaje de confirmación.  

  

21. Al seleccionar **Cancelar**, el sistema descartará toda la información ingresada que no haya sido guardada y regresará a la pantalla anterior.  

  

22. Una vez registrada correctamente, la institución deberá estar disponible para ser asociada a usuarios, procesos de inscripción y demás funcionalidades que requieran una institución.  

  

23. Al consultar posteriormente la institución creada, el sistema deberá mostrar la información registrada, incluyendo logo e imagen de fondo cuando existan.  

  

24. El sistema deberá registrar las instituciones con estado **Activa** o **Inactiva** según el valor seleccionado por el administrador.  

  

25. El sistema deberá impedir el registro de la institución si existe algún error de validación en los campos obligatorios."
"Product Backlog Item","Removed","333","HU019 - Recuperar Contraseña","<div><span>Yo como usuario registrado que olvidó su contraseña<br></span><div>Quiero recuperar el acceso a mi cuenta<br> </div><span>Para que pueda continuar usando el sistema sin perder mis datos e inscripciones.</span><br> </div>",,"<div><span>- El sistema debe permitir solicitar la recuperación desde la pantalla de inicio de sesión.<br></span><div>- El sistema debe enviar un enlace o código de verificación al correo registrado.<br> </div><div>- El enlace o código debe expirar tras un tiempo determinado.<br> </div><span>- El sistema debe permitir establecer una nueva contraseña válida según la política de seguridad.</span><br> </div>"
"Product Backlog Item","New","334","HU020 - Filtrar Búsqueda de Liceo por Provincia","<div><span>Yo como usuario<br></span><div>Quiero filtrar la búsqueda de liceos por provincia<br> </div><span>Para que pueda encontrar más rápido las opciones disponibles en la ubicación donde deseo inscribir a la persona.</span><br> </div>",,"<div><span>- El sistema debe mostrar un listado de todas las provincias del país como filtro.<br></span><div>- El usuario debe poder seleccionar una provincia para delimitar los resultados.<br> </div><span>- Los resultados de búsqueda deben actualizarse según la provincia seleccionada.</span><br> </div>"
"Product Backlog Item","New","160","HU020 - Listar instituciones","**Yo Como:** Administrador del sistema o usuario de soporte.  

  

**Quiero:** Visualizar el listado de instituciones registradas en el sistema.  

  

**Para que:** Pueda consultar la información de las instituciones y acceder a sus funcionalidades de gestión.  

  

## Desarrollo de la Historia  

  

### Elementos visuales  

  

- Tabla con el listado de instituciones registradas.  

- Controles de paginación.  

  

### Campos  

  

- **Nombre de la institución** (Texto)  

- Muestra el nombre registrado de la institución.  

  

- **RNC** (Numérico)  

- Muestra el RNC registrado de la institución.  

  

- **Correo electrónico institucional** (Correo electrónico)  

- Muestra el correo electrónico principal de la institución.  

  

- **Teléfono de contacto** (Texto)  

- Muestra el número de teléfono formateado según el estándar de República Dominicana.  

  

- **Estado** (Etiqueta)  

- Valores posibles:  

- Activa.  

- Inactiva.  

  

- **Fecha de registro** (Fecha y hora)  

- Muestra la fecha en la que la institución fue creada.  

  

### Botones  

  

- **Ver detalles**  

- Permite visualizar la información completa de la institución.  

  

- **Editar**  

- Permite acceder a la funcionalidad de edición de instituciones.  

  

- **Agregar institución**  

- Permite acceder a la funcionalidad de registro de instituciones.  

  

### Funciones  

  

- El sistema debe listar todas las instituciones registradas.  

- El sistema debe mostrar los resultados de forma paginada.   

- El sistema debe reflejar el estado actual de cada institución en el listado.  ",," 

1. El sistema deberá mostrar una lista con todas las instituciones registradas que el usuario tenga permiso para consultar.

2. La lista deberá mostrar como mínimo los campos:

    - Nombre de la institución.

    - RNC.

    - Correo electrónico institucional.

    - Tel"
"Product Backlog Item","Removed","335","HU021 - Cambiar Contraseña","<div><span>Yo como usuario autenticado<br></span><div>Quiero cambiar mi contraseña actual<br> </div><span>Para que pueda mantener la seguridad de mi cuenta cuando lo considere necesario.</span><br> </div>",,"<div><span>- El sistema debe solicitar la contraseña actual antes de permitir el cambio.<br></span><div>- El sistema debe validar que la nueva contraseña cumpla con la política de seguridad.<br> </div><div>- El sistema debe confirmar el cambio exitoso mediante mensaje y/o notificación.<br> </div><span>- La nueva contraseña debe almacenarse con el algoritmo de hashing definido (bcrypt).</span><br> </div>"
"Product Backlog Item","New","168","HU021 - Filtrar instituciones por ubicacion actual del dispositivo","**Yo Como:** Padre, madre o tutor del aspirante a inscripción.  

  

**Quiero:** Encontrar instituciones educativas cercanas a una ubicación determinada.  

  

**Para que:** Pueda identificar las instituciones más cercanas y compararlas antes de seleccionar una para realizar una inscripción.  

  

## Desarrollo de la Historia  

  

### Elementos visuales  

  

- Mapa interactivo.  

- Selector de provincia.  

- Botón para utilizar la ubicación actual del dispositivo.  

- Marcadores de instituciones sobre el mapa.  

- Listado de instituciones encontradas.  

  

### Campos  

  

- **Provincia** (Lista desplegable)  

- Opcional.  

- Muestra todas las provincias registradas en República Dominicana.  

- Permite seleccionar una provincia para realizar la búsqueda.  

  

### Botones  

  

- **Usar mi ubicación actual**  

- Solicita permiso para acceder a la ubicación del dispositivo.  

- Centra el mapa en la ubicación obtenida.  

  

- **Buscar instituciones**  

- Ejecuta una búsqueda utilizando la ubicación seleccionada o la provincia elegida.  

  

- **Ver institución**  

- Permite acceder a la información detallada de una institución encontrada.  

  

### Funciones  

  

- El usuario podrá seleccionar una provincia para buscar instituciones.  

- El usuario podrá permitir que el sistema obtenga su ubicación actual.  

- El usuario podrá visualizar instituciones sobre un mapa interactivo.  

- El sistema mostrará únicamente instituciones activas.  

- El sistema ubicará las instituciones registradas utilizando su ubicación geográfica.  

- El usuario podrá consultar los detalles de una institución encontrada.  

  

## Reglas de negocio  

  

- El acceso a la ubicación del dispositivo será opcional.  

- Si el usuario rechaza el permiso de ubicación, podrá utilizar la selección manual de provincia.  

- Solo las instituciones con estado **Activa** deberán mostrarse en los resultados.  

- Si una institución no posee ubicación geográfica registrada, no deberá aparecer en el mapa.  

- Las instituciones deberán mostrarse ordenadas según cercanía cuando se utilice la ubicación actual.  

  

## Elementos conversación  

  

No hay elementos de conversación.  

  

## Anexos  

  

No hay anexos por el momento.",,"1. El sistema deberá permitir al usuario utilizar su ubicación actual para buscar instituciones cercanas.  

  

2. El sistema deberá solicitar autorización antes de acceder a la ubicación del dispositivo.  

  

3. Si el usuario rechaza el acceso a la ubicación, el sistema deberá permitir la búsqueda mediante la selección de una provincia.  

  

4. El sistema deberá mostrar un mapa interactivo centrado en la ubicación seleccionada.  

  

5. El sistema deberá mostrar las instituciones encontradas mediante marcadores sobre el mapa.  

  

6. El sistema deberá mostrar un listado de las instituciones encontradas.  

  

7. El sistema deberá mostrar únicamente instituciones con estado Activa.  

  

8. Si no existen instituciones para la ubicación seleccionada, el sistema deberá informar que no se encontraron resultados.  

  

9. Al seleccionar una institución en el mapa o en el listado, el usuario deberá poder acceder a la información detallada de dicha institución.  

  

10. Cuando se utilice la ubicación actual, las instituciones deberán mostrarse ordenadas de la más cercana a la más lejana.  

  

11. El sistema deberá permitir cambiar la provincia o la ubicación seleccionada para realizar una nueva búsqueda.  

  

12. La búsqueda no deberá requerir que el usuario haya iniciado sesión en el sistema.  "
"Product Backlog Item","New","348","HU022 - Filtrar instituciones por nombre","**Yo Como:** Administrador del sistema, usuario de soporte, personal de la institución educativa o tutor del aspirante a inscripción.  

  

**Quiero:** Filtrar las instituciones registradas utilizando su nombre.  

  

**Para que:** Pueda localizar rápidamente una institución específica dentro del sistema.  

  

## Desarrollo de la Historia  

  

### Elementos visuales  

  

- Campo de búsqueda por nombre.  

- Tabla con el listado de instituciones.  

- Botón de búsqueda.  

- Botón para limpiar el filtro.  

  

### Campos  

  

- **Nombre de la institución** (Texto)  

- Opcional.  

- Mínimo 1 carácter.  

- Máximo 200 caracteres.  

- Permite buscar por coincidencias parciales o completas.  

- La búsqueda no distingue entre mayúsculas y minúsculas.  

  

### Botones  

  

- **Buscar**  

- Ejecuta la búsqueda utilizando el nombre ingresado.  

  

- **Limpiar**  

- Elimina el valor ingresado en el filtro y restaura el listado completo de instituciones.  

  

### Funciones  

  

- El sistema debe permitir buscar instituciones por nombre.  

- El sistema debe permitir realizar búsquedas utilizando coincidencias parciales.  

- El sistema debe ignorar diferencias entre mayúsculas y minúsculas.  

- El sistema debe actualizar el listado de instituciones según los criterios de búsqueda ingresados.  

  

## Reglas de negocio  

  

- El filtro debe aplicarse sobre el nombre de la institución registrado en el sistema.  

- La búsqueda debe permitir coincidencias parciales y exactas.  

- La búsqueda no debe distinguir entre letras mayúsculas y minúsculas.  

- Si el campo de búsqueda está vacío, el sistema mostrará todas las instituciones disponibles para el usuario.  

- Solo deberán mostrarse instituciones activas.  

  

## Elementos conversación  

  

No hay elementos de conversación.  

  

## Anexos  

  

No hay anexos.",,"1. El sistema deberá mostrar un campo para ingresar el nombre de una institución.  

  

2. Al seleccionar **Buscar**, el sistema deberá mostrar únicamente las instituciones cuyo nombre coincida con el criterio ingresado.  

  

3. El sistema deberá permitir búsquedas utilizando coincidencias parciales del nombre de la institución.  

  

4. El sistema no deberá distinguir entre letras mayúsculas y minúsculas durante la búsqueda.  

  

5. Si el campo de búsqueda está vacío, el sistema deberá mostrar el listado completo de instituciones disponibles.  

  

6. Si no existen instituciones que coincidan con el criterio ingresado, el sistema deberá mostrar un mensaje indicando que no se encontraron resultados.  

  

7. Al seleccionar **Limpiar**, el sistema deberá eliminar el criterio de búsqueda ingresado.  

  

8. Después de limpiar el filtro, el sistema deberá mostrar nuevamente todas las instituciones disponibles.  

  

9. El sistema solo deberá mostrar instituciones con estado **Activa**.  

  

10. Los resultados mostrados deberán reflejar la información más reciente registrada para cada institución.  

  

11. El sistema deberá permitir realizar nuevas búsquedas sin necesidad de recargar la página.  "
"Product Backlog Item","New","349","HU023 - Filtrar instituciones por provincia",,,
"Product Backlog Item","New","350","HU024 - Filtrar instituciones por calificación","**Yo Como:** Administrador del sistema, usuario de soporte o tutor del aspirante a inscripción.  

  

**Quiero:** Filtrar las instituciones registradas según su calificación.  

  

**Para que:** Pueda identificar las instituciones mejor valoradas y compararlas antes de realizar una inscripción.  

  

## Desarrollo de la Historia  

  

### Elementos visuales  

  

- Selector de calificación.  

- Listado de instituciones.  

- Botón de búsqueda.  

- Botón para limpiar el filtro.  

  

### Campos  

  

- **Calificación mínima** (Lista desplegable)  

- Opcional.  

- Valores permitidos:  

- 1 estrella.  

- 2 estrellas.  

- 3 estrellas.  

- 4 estrellas.  

- 5 estrellas.  

- Permite mostrar instituciones con una calificación igual o superior al valor seleccionado.  

  

### Botones  

  

- **Buscar**  

- Ejecuta la búsqueda utilizando la calificación seleccionada.  

  

- **Limpiar**  

- Elimina el filtro aplicado y restaura el listado completo de instituciones.  

  

### Funciones  

  

- El sistema debe permitir filtrar instituciones según su calificación.  

- El sistema debe mostrar únicamente instituciones que cumplan con el criterio de calificación seleccionado.  

- El sistema debe actualizar el listado de instituciones según el filtro aplicado.  

- El sistema debe mostrar la calificación promedio de cada institución en los resultados.  

  

## Reglas de negocio  

  

- La calificación de una institución será calculada a partir de las valoraciones registradas en el sistema.  

- Solo deberán mostrarse instituciones con estado **Activa**.  

- Si una institución no posee valoraciones registradas, se considerará como una institución sin calificación.  

- El filtro mostrará instituciones cuya calificación sea igual o superior a la seleccionada.  

- Si no se selecciona una calificación, el sistema mostrará todas las instituciones activas.

  

## Elementos conversación  

  

No hay elementos de conversación.  

  

## Anexos  

  

No hay anexos.",,"1. El sistema deberá mostrar un selector de calificación para filtrar instituciones.  

  

2. El usuario podrá seleccionar una calificación mínima entre 1 y 5 estrellas.  

  

3. Al seleccionar **Buscar**, el sistema deberá mostrar únicamente las instituciones cuya calificación sea igual o superior a la seleccionada.  

  

4. El sistema deberá mostrar la calificación promedio de cada institución en los resultados.  

  

5. Si no existe ninguna institución que cumpla con el criterio seleccionado, el sistema deberá mostrar un mensaje indicando que no se encontraron resultados.  

  

6. El sistema solo deberá mostrar instituciones con estado **Activa**.  

  

7. Al seleccionar **Limpiar**, el sistema deberá eliminar el filtro aplicado.  

  

8. Después de limpiar el filtro, el sistema deberá mostrar nuevamente todas las instituciones activas disponibles.  

  

9. Si no se selecciona una calificación, el sistema deberá mostrar el listado completo de instituciones activas.  

  

10. Los resultados deberán reflejar la información más reciente de las calificaciones registradas en el sistema.  

  

11. El sistema deberá permitir realizar nuevas búsquedas sin necesidad de recargar la página.  

  

12. El personal de instituciones educativas no deberá tener acceso a esta funcionalidad.  

  
"
"Product Backlog Item","New","351","HU025 - Filtrar instituciones por municipio",,,
"Product Backlog Item","New","352","HU026 - Visualizar detalles sobre una institución","**Yo Como:** Administrador del sistema, usuario de soporte o tutor del aspirante a inscripción.  

  

**Quiero:** Visualizar la información detallada de una institución.  

  

**Para que:** Pueda conocer sus características, información de contacto y datos relevantes antes de gestionarla o seleccionarla.  

  

## Desarrollo de la Historia  

  

### Elementos visuales  

  

- Pantalla o vista de detalle de institución.  

- Logo institucional.  

- Imagen de fondo institucional.  

- Información general de la institución.  

- Calificación promedio de la institución.  

- Botón para regresar al listado de instituciones.  

  

### Campos  

  

- **Nombre de la institución** (Texto)  

  -  Solo lectura.  

  - Muestra el nombre registrado de la institución.  

  

- **RNC** (Numérico)  

  - Solo lectura.  

  - Muestra el RNC registrado de la institución.  

  

- **Correo electrónico institucional** (Correo electrónico)  

  - Solo lectura.  

  - Muestra el correo institucional registrado.  

  

- **Teléfono de contacto** (Texto)  

 - Solo lectura.  

  - Muestra el número telefónico utilizando el formato estándar de República Dominicana.  

  

- **Dirección** (Texto)  

- Solo lectura.  

- Muestra la dirección registrada de la institución.  

  

- **Estado** (Texto)  

- Solo lectura.  

- Valores posibles:  

- Activa.  

- Inactiva.  

  

- **Calificación promedio** (Decimal)  

- Solo lectura.  

- Muestra la valoración promedio obtenida por la institución.  

  

- **Logo institucional** (Imagen)  

- Solo lectura.  

- Muestra el logo registrado para la institución.  

  

- **Imagen de fondo** (Imagen)  

- Solo lectura.  

- Muestra la imagen de fondo registrada para la institución.  

  

### Botones  

  

- **Volver**  

- Regresa al listado de instituciones.  

  

### Funciones  

  

- El sistema debe mostrar toda la información registrada de la institución seleccionada.  

- El sistema debe mostrar las imágenes asociadas a la institución.  

- El sistema debe mostrar la calificación promedio de la institución.  

- El sistema debe mostrar únicamente la información más reciente almacenada en el sistema.  

  

## Reglas de negocio  

  

- Los usuarios solo podrán visualizar instituciones con estado **Activa** cuando accedan desde los módulos públicos o de búsqueda.  

- Los Administradores del sistema y Usuarios de soporte podrán visualizar tanto instituciones activas como inactivas.  

- Toda la información mostrada será de solo lectura.  

- Si una institución no posee calificaciones registradas, el sistema mostrará &quot;Sin calificaciones&quot;.  

- Si una institución no tiene logo o imagen de fondo registrada, el sistema mostrará una imagen predeterminada.  ",," 

1. El sistema deberá permitir acceder a la vista de detalle desde el listado de instituciones.

2. El sistema deberá mostrar el nombre de la institución.

3. El sistema deberá mostrar el RNC de la institución.

4. El sistema deberá mostrar el correo"
"Product Backlog Item","New","216","HU027 - Calificar una institución","<table width=640 style=""border-collapse:collapse;border:none;"">
 <tbody><tr>
  </tr></tbody></table><table width=640 style=""border-collapse:collapse;border:none;""><tbody><tr><td width=116 style=""width:86.65pt;border:solid #E5B8B7 1.0pt;border-bottom:solid #D99594 1.5pt;padding:0cm 5.4pt 0cm 5.4pt;"">
  <p style=""margin:0cm 0cm 10pt;font-size:11pt;font-family:Calibri, sans-serif;margin-bottom:0cm;""><b><span>Yo
  Como</span></b><span></span> </p>
  </td>
  <td width=525 style=""width:393.5pt;border-top:solid #E5B8B7 1.0pt;border-left:none;border-bottom:solid #D99594 1.5pt;border-right:solid #E5B8B7 1.0pt;padding:0cm 5.4pt 0cm 5.4pt;"">
  <p style=""margin:0cm 0cm 10pt;font-size:11pt;font-family:Calibri, sans-serif;margin-bottom:0cm;""><b><span style=""font-size:10.0pt;"">Madre, padre o tutor de la persona que se va a inscribir en la
  institución seleccionada.</span></b> </p>
  </td>
 </tr>
 <tr>
  <td width=116 style=""width:86.65pt;border:solid #E5B8B7 1.0pt;border-top:none;padding:0cm 5.4pt 0cm 5.4pt;"">
  <p style=""margin:0cm 0cm 10pt;font-size:11pt;font-family:Calibri, sans-serif;margin-bottom:0cm;""><b><span>Quiero</span></b><span></span> </p>
  </td>
  <td width=525 style=""width:393.5pt;border-top:none;border-left:none;border-bottom:solid #E5B8B7 1.0pt;border-right:solid #E5B8B7 1.0pt;padding:0cm 5.4pt 0cm 5.4pt;"">
  <p style=""margin:0cm 0cm 10pt;font-size:11pt;font-family:Calibri, sans-serif;margin-bottom:0cm;""><span style=""font-size:10.0pt;"">Calificar las instituciones.</span> </p>
  </td>
 </tr>
 <tr>
  <td width=116 style=""width:86.65pt;border:solid #E5B8B7 1.0pt;border-top:none;padding:0cm 5.4pt 0cm 5.4pt;"">
  <p style=""margin:0cm 0cm 10pt;font-size:11pt;font-family:Calibri, sans-serif;margin-bottom:0cm;""><b><span>Para
  que</span></b><span></span> </p>
  </td>
  <td width=525 style=""width:393.5pt;border-top:none;border-left:none;border-bottom:solid #E5B8B7 1.0pt;border-right:solid #E5B8B7 1.0pt;padding:0cm 5.4pt 0cm 5.4pt;"">
  <ul style=""margin-bottom:0cm;""><li><span style=""font-size:10.0pt;"">Para ver poder expresar mi experiencia con el servicio de la misma.</span> </li> </ul>
  
  
  </td>
 </tr>
 <tr>
  <td width=116 style=""width:86.65pt;border:solid #E5B8B7 1.0pt;border-top:none;padding:0cm 5.4pt 0cm 5.4pt;"">
  <p style=""margin:0cm 0cm 10pt;font-size:11pt;font-family:Calibri, sans-serif;margin-bottom:0cm;""><span>Desarrollo
  de la Historia</span> </p>
  </td>
  <td width=525 style=""width:393.5pt;border-top:none;border-left:none;border-bottom:solid #E5B8B7 1.0pt;border-right:solid #E5B8B7 1.0pt;padding:0cm 5.4pt 0cm 5.4pt;"">
  <p style=""margin:0cm 0cm 10pt;font-size:11pt;font-family:Calibri, sans-serif;margin-bottom:0cm;text-align:justify;""><b><i><span style=""font-size:10.0pt;"">Campos:</span></i></b> </p>
  <ul style=""margin-bottom:0cm;""><li><span style=""font-size:10.0pt;"">No hay campos como tal.</span> </li> </ul><div><br> </div>
  <p style=""margin:0cm 0cm 10pt;font-size:11pt;font-family:Calibri, sans-serif;margin-bottom:0cm;text-align:justify;""><b><i><span style=""font-size:10.0pt;"">Botones: </span></i></b> </p>
  <ul style=""margin-bottom:0cm;""><li><span style=""font-size:10.0pt;"">Estrellas, se ubican 5 estrellas las cuales asignan 1 punto a la institución. Desde izquierda a derecha se ubican desde la menos valiosa a la mayor (1 a 5 puntos). Si se selecciona una, esta sera la puntuación que el usuario asigno.</span> </li> </ul><div><span style=""font-size:13.3333px;""><ul style=""box-sizing:border-box;padding:0px 0px 0px 40px;font-size:14px;margin-bottom:0cm;""> </ul></span> </div><div><span style=""font-size:13.3333px;""><br></span> </div>
  </td>
 </tr>
 <tr>
  <td width=116 style=""width:86.65pt;border:solid #E5B8B7 1.0pt;border-top:none;padding:0cm 5.4pt 0cm 5.4pt;"">
  <p style=""margin:0cm 0cm 10pt;font-size:11pt;font-family:Calibri, sans-serif;margin-bottom:0cm;""><br> </p> </td><td width=525 style=""width:393.5pt;border-top:none;border-left:none;border-bottom:solid #E5B8B7 1.0pt;border-right:solid #E5B8B7 1.0pt;padding:0cm 5.4pt 0cm 5.4pt;""><ul style=""margin-bottom:0cm;""> </ul>
  
  
  
  </td>
 </tr>
 <tr>
  <td width=116 style=""width:86.65pt;border:solid #E5B8B7 1.0pt;border-top:none;padding:0cm 5.4pt 0cm 5.4pt;"">
  <p style=""margin:0cm 0cm 10pt;font-size:11pt;font-family:Calibri, sans-serif;margin-bottom:0cm;""><b><span>Elementos
  conversación</span></b><span></span> </p>
  </td>
  <td width=525 style=""width:393.5pt;border-top:none;border-left:none;border-bottom:solid #E5B8B7 1.0pt;border-right:solid #E5B8B7 1.0pt;padding:0cm 5.4pt 0cm 5.4pt;"">
  <p style=""margin:0cm 0cm 10pt;font-size:11pt;font-family:Calibri, sans-serif;margin-bottom:0cm;""><span style=""font-size:10.0pt;"">No hay elementos de conversación.</span> </p>
  </td>
 </tr>
 <tr>
  <td width=116 style=""width:86.65pt;border:solid #E5B8B7 1.0pt;border-top:none;padding:0cm 5.4pt 0cm 5.4pt;"">
  <p style=""margin:0cm 0cm 10pt;font-size:11pt;font-family:Calibri, sans-serif;margin-bottom:0cm;""><span>Anexos</span> </p>
  </td>
  <td width=525 style=""width:393.5pt;border-top:none;border-left:none;border-bottom:solid #E5B8B7 1.0pt;border-right:solid #E5B8B7 1.0pt;padding:0cm 5.4pt 0cm 5.4pt;"">
  <p style=""margin:0cm 0cm 10pt;font-size:11pt;font-family:Calibri, sans-serif;margin-bottom:0cm;""><span style=""font-size:10.0pt;"">No hay anexos.</span> </p>
  <p style=""margin:0cm 0cm 10pt;font-size:11pt;font-family:Calibri, sans-serif;margin-bottom:0cm;""><span style=""font-size:10.0pt;"">&nbsp;</span> </p>
  </td>
 </tr></tbody></table><br>",,
"Product Backlog Item","New","353","HU028 - Listar calificaciones dadas a una institución","**Yo Como:** Administrador del sistema, usuario de soporte.

  

**Quiero:** Visualizar las calificaciones y valoraciones realizadas a una institución.  

  

**Para que:** Pueda conocer la percepción de los usuarios sobre la institución y evaluar su calidad de servicio.  

  

## Desarrollo de la Historia  

  

### Elementos visuales  

  

- Listado de calificaciones.  

- Calificación promedio de la institución.  

- Cantidad total de valoraciones recibidas.  

- Paginación de resultados.  

  

### Campos  

  

- **Calificación** (Numérico)  

- Solo lectura.  

- Valores permitidos:  

- 1 estrella.  

- 2 estrellas.  

- 3 estrellas.  

- 4 estrellas.  

- 5 estrellas.  

  

- **Comentario** (Texto)  

- Solo lectura.  

- Muestra la opinión registrada por el usuario.  

- Puede mostrarse vacío si el usuario solo realizó una calificación.  

  

- **Fecha de valoración** (Fecha y hora)  

- Solo lectura.  

- Muestra la fecha en que fue registrada la valoración.  

  

- **Calificación promedio** (Decimal)  

- Solo lectura.  

- Calculada a partir de todas las valoraciones registradas para la institución.  

  

- **Cantidad de valoraciones** (Numérico)  

- Solo lectura.  

- Muestra el total de calificaciones registradas para la institución.  

  

### Botones  

  

- **Volver**  

- Permite regresar a la pantalla anterior.  

  

### Funciones  

  

- El sistema debe mostrar todas las calificaciones registradas para la institución seleccionada.  

- El sistema debe calcular y mostrar la calificación promedio de la institución.  

- El sistema debe mostrar la cantidad total de valoraciones realizadas.  

- El sistema debe mostrar las valoraciones ordenadas desde la más reciente hasta la más antigua.  

- El sistema debe paginar los resultados cuando superen el límite configurado.  

  

## Reglas de negocio  

  

- Todas las calificaciones mostradas serán de solo lectura.  

- La calificación promedio deberá actualizarse automáticamente cuando se registre una nueva valoración.  

- Si una valoración no posee comentario, únicamente se mostrará la calificación otorgada.  

- Las valoraciones deberán mostrarse ordenadas por fecha descendente.  

- Solo podrán visualizarse valoraciones asociadas a la institución seleccionada.  

  

## Criterios de Aceptación  

  

1. El sistema deberá mostrar la calificación promedio de la institución seleccionada.  

  

2. El sistema deberá mostrar la cantidad total de valoraciones registradas para la institución.  

  

3. El sistema deberá mostrar las valoraciones ordenadas desde la más reciente hasta la más antigua.  

  

4. Cada valoración deberá mostrar la calificación otorgada.  

  

5. Cada valoración deberá mostrar el comentario registrado cuando exista.  

  

6. Cada valoración deberá mostrar la fecha en que fue realizada.  

  

7. Si una valoración no contiene comentario, el sistema deberá mostrar únicamente la calificación otorgada.  

  

8. Si la institución no posee valoraciones registradas, el sistema deberá mostrar un mensaje indicando que no existen calificaciones disponibles.  

  

9. El sistema deberá calcular correctamente la calificación promedio utilizando todas las valoraciones registradas para la institución.  

  

10. El sistema deberá mostrar los resultados de forma paginada cuando la cantidad de valoraciones supere el límite configurado.  

  

11. Al seleccionar **Volver**, el sistema deberá regresar a la pantalla anterior.  

  

12. La información mostrada deberá corresponder a las valoraciones más recientes registradas en el sistema.  

  

## Elementos conversación  

  

No hay elementos de conversación.  

  

## Anexos  

  

No hay anexos.",,"1. El sistema deberá mostrar la calificación promedio de la institución seleccionada.  

  

2. El sistema deberá mostrar la cantidad total de valoraciones registradas para la institución.  

  

3. El sistema deberá mostrar las valoraciones ordenadas desde la más reciente hasta la más antigua.  

  

4. Cada valoración deberá mostrar la calificación otorgada.  

  

5. Cada valoración deberá mostrar el comentario registrado cuando exista.  

  

6. Cada valoración deberá mostrar la fecha en que fue realizada.  

  

7. Si una valoración no contiene comentario, el sistema deberá mostrar únicamente la calificación otorgada.  

  

8. Si la institución no posee valoraciones registradas, el sistema deberá mostrar un mensaje indicando que no existen calificaciones disponibles.  

  

9. El sistema deberá calcular correctamente la calificación promedio utilizando todas las valoraciones registradas para la institución.  

  

10. El sistema deberá mostrar los resultados de forma paginada cuando la cantidad de valoraciones supere el límite configurado.  

  

11. Al seleccionar **Volver**, el sistema deberá regresar a la pantalla anterior.  

  

12. La información mostrada deberá corresponder a las valoraciones más recientes registradas en el sistema.  
"
"Product Backlog Item","New","354","HU029 - Reportar una institución","**Yo Como:** Tutor del aspirante a inscripción.

**Quiero:** Reportar una institución educativa.

**Para que:** Pueda informar situaciones, irregularidades o información incorrecta relacionada con una institución registrada en la plataforma.

## Desarrollo de la Historia

### Elementos visuales

- Formulario de reporte.
- Información básica de la institución reportada.
- Mensaje de confirmación al completar el reporte.

### Campos

- **Institución** (Texto)
  - Solo lectura.
  - Obligatorio.
  - Muestra el nombre de la institución seleccionada.

- **Motivo del reporte** (Lista desplegable)
  - Obligatorio.
  - Valores permitidos:
    - Información incorrecta.
    - Información desactualizada.
    - Institución inexistente.
    - Ubicación incorrecta.
    - Contenido inapropiado.
    - Incumplimiento de información publicada.
    - Otro.

- **Descripción del reporte** (Texto multilínea)
  - Obligatorio.
  - Mínimo 10 caracteres.
  - Máximo 1,000 caracteres.

- **Evidencia** (Archivo)
  - Opcional.
  - Formatos permitidos:
    - JPG
    - JPEG
    - PNG
    - PDF
  - Tamaño máximo: 10 MB.

### Botones

- **Enviar reporte**
  - Registra el reporte asociado a la institución seleccionada.

- **Cancelar**
  - Descarta los datos ingresados y regresa a la pantalla anterior.

### Funciones

- El sistema debe permitir registrar reportes sobre instituciones.
- El sistema debe asociar el reporte a una única institución.
- El sistema debe registrar automáticamente la fecha y hora de creación.
- El sistema debe registrar automáticamente al usuario que realizó el reporte.
- El sistema debe permitir adjuntar evidencia.
- El sistema debe asignar el estado inicial &quot;Pendiente&quot; al reporte.
- El sistema debe notificar la creación del reporte para su posterior revisión administrativa.

## Reglas de negocio

- Solo usuarios autenticados con rol de Tutor podrán crear reportes.
- Cada reporte deberá estar asociado a una institución existente.
- El motivo del reporte será obligatorio.
- La descripción será obligatoria.
- El sistema no permitirá registrar reportes vacíos.
- La evidencia será opcional.
- El estado inicial de todo reporte será &quot;Pendiente&quot;.
- La creación del reporte no modificará automáticamente los datos ni el estado de la institución reportada.
- Una institución podrá recibir múltiples reportes.

## Criterios de Aceptación

1. El sistema deberá permitir acceder a la funcionalidad desde la pantalla de detalles de una institución.

2. El sistema deberá mostrar el nombre de la institución que será reportada.

3. El usuario deberá seleccionar un motivo de reporte antes de enviarlo.

4. El usuario deberá ingresar una descripción del reporte antes de enviarlo.

5. El sistema no permitirá enviar el reporte si el motivo del reporte está vacío.

6. El sistema no permitirá enviar el reporte si la descripción está vacía.

7. La descripción deberá contener entre 10 y 1,000 caracteres.

8. El sistema deberá permitir adjuntar evidencia en formato JPG, JPEG, PNG o PDF.

9. El sistema no permitirá adjuntar archivos que superen los 10 MB.",,
"Product Backlog Item","New","355","HU030 - Listar reportes hechos contra una institución",,,
"Product Backlog Item","New","356","HU031 - Activar una institución",,,
"Product Backlog Item","New","357","HU032 - Desactivar una institución",,,
"Product Backlog Item","New","358","HU033 - Modificar una institución",,,
"Product Backlog Item","New","360","HU034 - Agregar periodo de inscripción de una institución","**Yo Como:** Administrador del sistema, usuario de soporte o personal de la institución educativa.  

**Quiero:** Registrar un período de inscripción para una institución.  

**Para que:** Pueda definir las fechas durante las cuales los aspirantes podrán realizar solicitudes de inscripción.  

### Campos  

- **Institución** (Lista desplegable)  
  - Obligatorio para Administradores del sistema y Usuarios de soporte.  
  - Solo mostrará instituciones activas.  
  - Para usuarios de tipo Personal de institución educativa, se completará automáticamente con su institución asignada.  
  - No editable para personal de institución educativa.  

### Reglas de negocio  

- Solo Administradores del sistema, Usuarios de soporte y Personal de institución educativa podrán crear períodos de inscripción.  
- El Personal de institución educativa únicamente podrá crear períodos para su propia institución.  
- Los Administradores del sistema podrán crear períodos para cualquier institución activa.  
- Los Usuarios de soporte podrán crear períodos para cualquier institución activa.  
- Un período de inscripción deberá estar asociado a una única institución.  
- La fecha de cierre deberá ser posterior a la fecha de inicio.  
- Una institución solo tendra un ciclo de inscripcion.  ",,"1. El sistema deberá permitir crear períodos de inscripción únicamente a Administradores del sistema, Usuarios de soporte y Personal de institución educativa.  

  

2. El sistema deberá mostrar los campos necesarios para registrar un período de inscripción.  

  

3. El campo **Institución** deberá mostrarse bloqueado para el Personal de institución educativa y contener automáticamente la institución asignada al usuario.  

  

4. El Administrador del sistema y el Usuario de soporte deberán poder seleccionar cualquier institución activa."
"Product Backlog Item","New","361","HU035 - Agregar periodo de envio de documentos en un ciclo de inscripción","**Yo Como:** Administrador del sistema, usuario de soporte o personal de la institución educativa.  

  

**Quiero:** Registrar el período de envío de documentos de una institución.  

  

**Para que:** Pueda definir las fechas durante las cuales los tutores podrán cargar y enviar los documentos requeridos para completar la inscripción del aspirante.  

  

## Desarrollo de la Historia  

  

### Elementos visuales  

  

- Formulario de registro del período de envío de documentos.  

- Selector de institución.  

- Selector de fecha y hora de inicio.  

- Selector de fecha y hora de cierre.  

  

### Campos  

  

- **Institución** (Lista desplegable)  

  - Obligatorio para el Administrador del sistema y el Usuario de soporte.  

  - Solo mostrará instituciones activas.  

  - Para el Personal de la institución educativa, se completará automáticamente con su institución asignada.  

  - No editable para el Personal de la institución educativa.  

  

- **Fecha y hora de inicio** (Fecha y hora)  

  - Obligatorio.  

  - Debe ser anterior a la fecha y hora de cierre.  

  

- **Fecha y hora de cierre** (Fecha y hora)  

  - Obligatorio.  

  - Debe ser posterior a la fecha y hora de inicio.  

  

### Botones  

  

- **Guardar**  

  - Valida la información ingresada y registra el período de envío de documentos.  

  

- **Cancelar**  

  - Descarta la información no guardada y regresa a la pantalla anterior.  


  

## Elementos conversación  

  

No hay elementos de conversación.  

  

## Anexos  

  

No hay anexos.",,"
1. El sistema deberá permitir acceder a esta funcionalidad al Administrador del sistema, al Usuario de soporte y al Personal de la institución educativa.  

  

2. El sistema deberá mostrar los campos necesarios para registrar el período de envío de documentos.  

  

3. El Administrador del sistema y el Usuario de soporte deberán poder seleccionar cualquier institución activa.  

  

4. Para el Personal de la institución educativa, el campo **Institución** deberá completarse automáticamente con su institución asignada y mostrarse en modo solo lectura.  

  

5. El Personal de la institución educativa no podrá registrar el período para una institución diferente de la que tiene asignada.  

  

9. El sistema no permitirá guardar el período si la institución no ha sido seleccionada.  

  

10. El sistema no permitirá guardar el período si la fecha y hora de inicio están vacías.  

  

11. El sistema no permitirá guardar el período si la fecha y hora de cierre están vacías.  

  

12. La fecha y hora de cierre deberán ser posteriores a la fecha y hora de inicio.  

  

13. Si la fecha y hora de cierre son iguales o anteriores a la fecha y hora de inicio, el sistema deberá mostrar un mensaje de validación y no permitirá guardar el período.  

  

14. El sistema no permitirá registrar más de un período de envío de documentos para una misma institución.  

  

15. Al seleccionar **Guardar**, el sistema deberá validar la información ingresada.  

  

16. Si la información es válida, el sistema deberá registrar el período de envío de documentos y asociarlo a la institución seleccionada.  

  

17. Después de guardar correctamente el período, el sistema deberá mostrar un mensaje de confirmación.  

  

21. Al seleccionar **Cancelar**, el sistema deberá descartar toda la información no guardada y regresar a la pantalla anterior.  "
"Product Backlog Item","New","362","HU036 - Agregar periodo para agendar citas en un ciclo de inscripción","**Yo Como:** Administrador del sistema, usuario de soporte o personal de la institución educativa.  

  

**Quiero:** Registrar el período para agendar citas de una institución.  

  

**Para que:** Pueda definir las fechas durante las cuales los tutores podrán agendar una cita como parte del proceso de inscripción del aspirante.  

  

## Desarrollo de la Historia  

  

### Elementos visuales  

  

- Formulario de registro del período para agendar citas.  

- Selector de institución.  

- Selector de fecha y hora de inicio.  

- Selector de fecha y hora de cierre.  

  

### Campos  

  

- **Institución** (Lista desplegable)  

  - Obligatorio para el Administrador del sistema y el Usuario de soporte.  

  - Solo mostrará instituciones activas.  

  - Para el Personal de la institución educativa, se completará automáticamente con su institución asignada.  

  - No editable para el Personal de la institución educativa.  

  

- **Fecha y hora de inicio** (Fecha y hora)  

  - Obligatorio.  

  - Indica el momento a partir del cual los tutores podrán agendar citas.  

  - Debe ser anterior a la fecha y hora de cierre.  

  

- **Fecha y hora de cierre** (Fecha y hora)  

  - Obligatorio.  

  - Indica el momento hasta el cual los tutores podrán agendar citas.  

  - Debe ser posterior a la fecha y hora de inicio.  

  

### Botones  

  

- **Guardar**  

- Valida la información ingresada y registra el período para agendar citas.  

  

- **Cancelar**  

- Descarta la información no guardada y regresa a la pantalla anterior.  

  

## Elementos conversación  

  

No hay elementos de conversación.  

  

## Anexos  

  

No hay anexos.",,"1. El sistema deberá permitir acceder a esta funcionalidad al Administrador del sistema, al Usuario de soporte y al Personal de la institución educativa.  

  

2. El sistema deberá mostrar los campos necesarios para registrar el período para agendar citas.  

  

3. El Administrador del sistema y el Usuario de soporte deberán poder seleccionar cualquier institución activa.  

  

4. Para el Personal de la institución educativa, el campo **Institución** deberá completarse automáticamente con su institución asignada y mostrarse en modo solo lectura.  

  

5. El Personal de la institución educativa no podrá registrar el período para una institución diferente de la que tiene asignada.  

  

9. El sistema no permitirá guardar el período si la institución no ha sido seleccionada.  

  

10. El sistema no permitirá guardar el período si la fecha y hora de inicio están vacías.  

  

11. El sistema no permitirá guardar el período si la fecha y hora de cierre están vacías.  

  

12. La fecha y hora de cierre deberán ser posteriores a la fecha y hora de inicio.  

  

13. Si la fecha y hora de cierre son iguales o anteriores a la fecha y hora de inicio, el sistema deberá mostrar un mensaje de validación y no permitirá guardar el período.  

  

14. El sistema no permitirá registrar más de un período para agendar citas para una misma institución.  

  

15. Si la institución ya posee un período para agendar citas, el sistema deberá informar al usuario y no permitirá registrar otro desde esta funcionalidad.  

  

16. Al seleccionar **Guardar**, el sistema deberá validar la información ingresada.  

  

17. Si la información es válida, el sistema deberá registrar el período para agendar citas y asociarlo a la institución seleccionada.  

  

18. Después de guardar correctamente el período, el sistema deberá mostrar un mensaje de confirmación.  

  

25. Al seleccionar **Cancelar**, el sistema deberá descartar toda la información no guardada y regresar a la pantalla anterior.  "
"Product Backlog Item","New","363","HU037 - Modificar periodo de inscripcion de una institucion","**Yo Como:** Administrador del sistema, usuario de soporte o personal de la institución educativa.  

  

**Quiero:** Modificar el período de inscripción de una institución.  

  

**Para que:** Pueda corregir o actualizar las fechas durante las cuales los tutores podrán realizar solicitudes de inscripción.  

  

## Desarrollo de la Historia  

  

### Elementos visuales  

  

- Formulario de modificación del período de inscripción.  

- Información de la institución asociada.  

- Selector de fecha y hora de inicio.  

- Selector de fecha y hora de cierre.  

  

### Campos  

  

- **Institución** (Texto)  

  - Solo lectura.  

  - Obligatorio.  

  - Muestra la institución asociada al período de inscripción.  

  - No podrá modificarse desde esta funcionalidad.  

  

- **Fecha y hora de inicio** (Fecha y hora)  

  - Obligatorio.  

  - Muestra la fecha y hora de inicio registradas actualmente.  

  - Debe ser anterior a la fecha y hora de cierre.  

  

- **Fecha y hora de cierre** (Fecha y hora)  

  - Obligatorio.  

  - Muestra la fecha y hora de cierre registradas actualmente.  

  - Debe ser posterior a la fecha y hora de inicio.  

  

### Botones  

  

- **Guardar cambios**  

  - Valida la información ingresada.  

  - Almacena las nuevas fechas del período de inscripción.  

  

- **Cancelar**  

  - Descarta los cambios no guardados.  

  - Regresa a la pantalla anterior.  

  

- **Resetear**  

  - Restaura las fechas que tenía el período al momento de acceder a la pantalla de modificación.  

  - No guarda los cambios.  

  - Mantiene al usuario en la pantalla de modificación.  

  

## Elementos conversación  

  

No hay elementos de conversación.  

  

## Anexos  

  

No hay anexos.",,"1. El sistema deberá permitir acceder a esta funcionalidad al Administrador del sistema, al Usuario de soporte y al Personal de la institución educativa.  

  

2. El Administrador del sistema y el Usuario de soporte deberán poder modificar el período de inscripción de cualquier institución.  

  

3. El Personal de la institución educativa solo podrá modificar el período de inscripción de su institución asignada.  

  

4. El sistema deberá impedir que el Personal de la institución educativa modifique el período de otra institución.  

  

5. Al acceder a la funcionalidad, el sistema deberá mostrar la institución asociada al período de inscripción.  

  

6. El campo **Institución** deberá mostrarse en modo solo lectura.  

  

7. El sistema no deberá permitir cambiar la institución asociada al período desde esta funcionalidad.  

  

8. El sistema deberá mostrar la fecha y hora de inicio registradas actualmente.  

  

9. El sistema deberá mostrar la fecha y hora de cierre registradas actualmente.  

  

13. El sistema no permitirá guardar los cambios si la fecha y hora de inicio están vacías.  

  

14. El sistema no permitirá guardar los cambios si la fecha y hora de cierre están vacías.  

  

15. La fecha y hora de cierre deberán ser posteriores a la fecha y hora de inicio.  

  

16. Si la fecha y hora de cierre son iguales o anteriores a la fecha y hora de inicio, el sistema deberá mostrar un mensaje de validación y no permitirá guardar los cambios.  

  

17. Al seleccionar **Guardar cambios**, el sistema deberá validar toda la información ingresada.  

  

18. Si la información es válida, el sistema deberá almacenar las fechas actualizadas del período de inscripción.  

  

19. Después de guardar correctamente los cambios, el sistema deberá mostrar un mensaje de confirmación.  

  

20. Después de guardar, las consultas posteriores deberán mostrar las fechas actualizadas.  

  

21. La modificación del período no deberá cambiar la institución a la que pertenece.  

  

22. La disponibilidad para realizar solicitudes de inscripción deberá actualizarse automáticamente conforme a las nuevas fechas guardadas.  

  

23. Si la fecha y hora actuales son anteriores al inicio del período actualizado, el sistema no deberá permitir nuevas solicitudes de inscripción.  

  

24. Si la fecha y hora actuales se encuentran dentro del período actualizado, el sistema deberá permitir las solicitudes de inscripción.  

  

25. Si la fecha y hora actuales son posteriores al cierre del período actualizado, el sistema no deberá permitir nuevas solicitudes de inscripción.  

  

26. Al seleccionar **Cancelar**, el sistema deberá descartar todos los cambios no guardados y regresar a la pantalla anterior.  

  

27. Después de seleccionar **Cancelar**, el período deberá conservar las fechas almacenadas antes de iniciar la modificación.  

  

28. Al seleccionar **Resetear**, el sistema deberá restaurar en el formulario las fechas que estaban almacenadas al acceder a la pantalla.  

  

29. La acción **Resetear** no deberá guardar información ni modificar el período almacenado.  

  

30. Después de seleccionar **Resetear**, el usuario deberá permanecer en la pantalla y podrá continuar modificando las fechas.  "
"Product Backlog Item","New","364","HU038 - Modificar periodo de envio de documentos en un ciclo de inscripcion","**Yo Como:** Administrador del sistema, usuario de soporte o personal de la institución educativa.  

  

**Quiero:** Modificar el período de envío de documentos de una institución.  

  

**Para que:** Pueda corregir o actualizar las fechas durante las cuales los tutores podrán cargar y enviar los documentos requeridos para completar la inscripción del aspirante.  

  

## Desarrollo de la Historia  

  

### Elementos visuales  

  

- Formulario de modificación del período de envío de documentos.  

- Información de la institución asociada.  

- Selector de fecha y hora de inicio.  

- Selector de fecha y hora de cierre.  

  

### Campos  

  

- **Institución** (Texto)  

  - Obligatorio.  

  - Solo lectura.  

  - Muestra la institución asociada al período de envío de documentos.  

  - No puede modificarse desde esta funcionalidad.  

  

- **Fecha y hora de inicio** (Fecha y hora)  

  - Obligatorio.  

  - Muestra la fecha y hora de inicio registradas actualmente.  

  - Debe ser anterior a la fecha y hora de cierre.  

  

- **Fecha y hora de cierre** (Fecha y hora)  

  - Obligatorio.  

  - Muestra la fecha y hora de cierre registradas actualmente.  

  - Debe ser posterior a la fecha y hora de inicio.  

  

### Botones  

  

- **Guardar cambios**  

  - Valida las fechas ingresadas.  

  - Almacena los cambios realizados en el período de envío de documentos.  

  

- **Cancelar**  

  - Descarta los cambios no guardados.  

  - Regresa a la pantalla anterior.  

  

- **Resetear**  

  - Restaura en el formulario las fechas que tenía el período al momento de acceder a la pantalla.  

  - No guarda los cambios.  

  - Mantiene al usuario en la pantalla de modificación.  

  

## Elementos conversación  

  

No hay elementos de conversación.  

  

## Anexos  

  

No hay anexos.",,"1. El sistema deberá permitir acceder a esta funcionalidad al Administrador del sistema, al Usuario de soporte y al Personal de la institución educativa.  

  

2. El Administrador del sistema y el Usuario de soporte deberán poder modificar el período de envío de documentos de cualquier institución.  

  

3. El Personal de la institución educativa solo podrá modificar el período de envío de documentos de su institución asignada.  

  

4. El sistema deberá impedir que el Personal de la institución educativa modifique el período de envío de documentos de otra institución.  

  

5. Al acceder a la funcionalidad, el sistema deberá mostrar la institución asociada al período.  

  

6. El campo **Institución** deberá mostrarse en modo solo lectura.  

  

7. El sistema no deberá permitir cambiar la institución asociada al período desde esta funcionalidad.  

  

8. El sistema deberá mostrar la fecha y hora de inicio registradas actualmente.  

  

9. El sistema deberá mostrar la fecha y hora de cierre registradas actualmente.  

  

13. El sistema no permitirá guardar los cambios si la fecha y hora de inicio están vacías.  

  

14. El sistema no permitirá guardar los cambios si la fecha y hora de cierre están vacías.  

  

15. La fecha y hora de cierre deberán ser posteriores a la fecha y hora de inicio.  

  

16. Si la fecha y hora de cierre son iguales o anteriores a la fecha y hora de inicio, el sistema deberá mostrar un mensaje de validación y no permitirá guardar los cambios.  

  

17. Al seleccionar **Guardar cambios**, el sistema deberá validar las fechas ingresadas.  

  

18. Si las fechas son válidas, el sistema deberá actualizar el período de envío de documentos.  

  

19. Después de guardar correctamente los cambios, el sistema deberá mostrar un mensaje de confirmación.  

  

20. Las consultas posteriores del período deberán mostrar las fechas actualizadas.  

  

21. La modificación del período no deberá cambiar la institución a la que pertenece.  

  

26. Al seleccionar **Cancelar**, el sistema deberá descartar todos los cambios no guardados y regresar a la pantalla anterior.  

  

27. Después de seleccionar **Cancelar**, el período deberá conservar las fechas almacenadas antes de iniciar la modificación.  

  

28. Al seleccionar **Resetear**, el sistema deberá restaurar en el formulario las fechas que estaban almacenadas al acceder a la pantalla.  

  

29. La acción **Resetear** no deberá guardar información ni modificar el período almacenado.  

  

30. Después de seleccionar **Resetear**, el usuario deberá permanecer en la pantalla y podrá continuar modificando las fechas.  "
"Product Backlog Item","New","365","HU039 - Modificar periodo para agendar citas en un ciclo de inscripcion","**Yo Como:** Administrador del sistema, usuario de soporte o personal de la institución educativa.  

  

**Quiero:** Modificar el período para agendar citas de una institución.  

  

**Para que:** Pueda corregir o actualizar las fechas durante las cuales los tutores podrán agendar citas como parte del proceso de inscripción del aspirante.  

  

## Desarrollo de la Historia  

  

### Elementos visuales  

  

- Formulario de modificación del período para agendar citas.  

- Información de la institución asociada.  

- Selector de fecha y hora de inicio.  

- Selector de fecha y hora de cierre.  

  

### Campos  

  

- **Institución** (Texto)  

  - Obligatorio.  

  - Solo lectura.  

  - Muestra la institución asociada al período para agendar citas.  

  - No puede modificarse desde esta funcionalidad.  

  

- **Fecha y hora de inicio** (Fecha y hora)  

  - Obligatorio.  

  - Muestra la fecha y hora de inicio registrada actualmente.  

  - Indica el momento a partir del cual los tutores podrán agendar citas.  

  - Debe ser anterior a la fecha y hora de cierre.  

  

- **Fecha y hora de cierre** (Fecha y hora)  

  - Obligatorio.  

  - Muestra la fecha y hora de cierre registrada actualmente.  

  - Indica el momento hasta el cual los tutores podrán agendar citas.  

  - Debe ser posterior a la fecha y hora de inicio.  

  

### Botones  

  

- **Guardar cambios**  

  - Valida la información ingresada.  

  - Almacena las nuevas fechas del período para agendar citas.  

  

- **Cancelar**  

  - Descarta los cambios no guardados.  

  - Regresa a la pantalla anterior.  

  

- **Resetear**  

  - Restaura en el formulario las fechas que tenía el período al momento de acceder a la pantalla.  

  - No guarda los cambios.  

  - Mantiene al usuario en la pantalla de modificación.  



## Elementos conversación  

  

No hay elementos de conversación.  

  

## Anexos  

  

No hay anexos.",,"1. El sistema deberá permitir acceder a esta funcionalidad al Administrador del sistema, al Usuario de soporte y al Personal de la institución educativa.  

  

2. El Administrador del sistema y el Usuario de soporte deberán poder modificar el período para agendar citas de cualquier institución.  

  

3. El Personal de la institución educativa solo podrá modificar el período para agendar citas de su institución asignada.  

  

4. El sistema deberá impedir que el Personal de la institución educativa modifique el período para agendar citas de otra institución.  

  

5. Al acceder a la funcionalidad, el sistema deberá cargar la información actual del período seleccionado.  

  

6. El sistema deberá mostrar la institución asociada al período.  

  

7. El campo **Institución** deberá mostrarse en modo solo lectura.  

  

8. El sistema no deberá permitir cambiar la institución asociada al período desde esta funcionalidad.  

  

9. El sistema deberá mostrar la fecha y hora de inicio registradas actualmente.  

  

10. El sistema deberá mostrar la fecha y hora de cierre registradas actualmente.  

  

14. El sistema no permitirá guardar los cambios si la fecha y hora de inicio están vacías.  

  

15. El sistema no permitirá guardar los cambios si la fecha y hora de cierre están vacías.  

  

16. La fecha y hora de cierre deberán ser posteriores a la fecha y hora de inicio.  

  

17. Si la fecha y hora de cierre son iguales a la fecha y hora de inicio, el sistema deberá mostrar un mensaje de validación y no permitirá guardar los cambios.  

  

18. Si la fecha y hora de cierre son anteriores a la fecha y hora de inicio, el sistema deberá mostrar un mensaje de validación y no permitirá guardar los cambios.  

  

19. Al seleccionar **Guardar cambios**, el sistema deberá validar toda la información ingresada.  

  

20. Si la información es válida, el sistema deberá actualizar el período para agendar citas.  

  

21. Después de guardar correctamente los cambios, el sistema deberá mostrar un mensaje de confirmación.  

  

22. Las consultas posteriores del período deberán mostrar la fecha y hora de inicio actualizadas.  

  

23. Las consultas posteriores del período deberán mostrar la fecha y hora de cierre actualizadas.  

  

24. La modificación del período no deberá cambiar la institución a la que pertenece.  

  

30. La disponibilidad para agendar citas deberá actualizarse automáticamente conforme a las fechas guardadas.  

  

31. La modificación del período no deberá cambiar los horarios ni los turnos disponibles para las citas.  

  

32. La modificación del período no deberá cancelar citas previamente agendadas.  

  

33. La modificación del período no deberá reprogramar citas previamente agendadas.  

  

34. La modificación del período no deberá eliminar citas previamente agendadas.  

  

35. Al seleccionar **Cancelar**, el sistema deberá descartar todos los cambios no guardados.  

  

36. Después de seleccionar **Cancelar**, el sistema deberá regresar a la pantalla anterior.  

  

37. Después de seleccionar **Cancelar**, el período deberá conservar las fechas almacenadas antes de iniciar la modificación.  

  

38. Al seleccionar **Resetear**, el sistema deberá restaurar en el formulario la fecha y hora de inicio que estaban almacenadas al acceder a la pantalla.  

  

39. Al seleccionar **Resetear**, el sistema deberá restaurar en el formulario la fecha y hora de cierre que estaban almacenadas al acceder a la pantalla.  

  

40. La acción **Resetear** no deberá guardar información.  

  

41. La acción **Resetear** no deberá modificar el período almacenado.  

  

42. Después de seleccionar **Resetear**, el usuario deberá permanecer en la pantalla de modificación.  

  

43. Después de seleccionar **Resetear**, el usuario podrá continuar modificando las fechas restauradas.  
"
"Product Backlog Item","New","366","HU040 - Eliminar periodo de inscripcion de una institucion","**Yo Como:** Administrador del sistema, usuario de soporte o personal de la institución educativa.  

  

**Quiero:** Eliminar el período de inscripción de una institución.  

  

**Para que:** Pueda retirar un período registrado incorrectamente o que ya no será utilizado en el proceso de inscripción.  

  

## Desarrollo de la Historia  

  

### Elementos visuales  

  

- Información del período de inscripción seleccionado.  

- Información de la institución asociada.  

- Cuadro de diálogo de confirmación.  

- Mensaje con el resultado de la operación.  

  

### Datos mostrados  

  

- **Institución** (Texto)  

  - Solo lectura.  

  - Muestra el nombre de la institución asociada al período de inscripción.  

  

- **Fecha y hora de inicio** (Fecha y hora)  

  - Solo lectura.  

  - Muestra la fecha y hora de inicio del período registrado.  

  

- **Fecha y hora de cierre** (Fecha y hora)  

  - Solo lectura.  

  - Muestra la fecha y hora de cierre del período registrado.  

  

### Etiqueta de confirmación  

  

- El sistema mostrará el siguiente mensaje:  

  

**¿Estás seguro de que deseas eliminar este período de inscripción? Esta acción no se puede deshacer.**  

  

### Botones  

  

- **Eliminar**  

  - Abre el cuadro de diálogo de confirmación.  

  - No elimina el período hasta que el usuario confirme la acción.  

  

- **Sí, eliminar**  

  - Confirma la eliminación del período de inscripción.  

  - Elimina el período si cumple con las reglas establecidas.  

  - Muestra un mensaje con el resultado de la operación.  

  

- **No**  

  - Cierra el cuadro de diálogo.  

  - Mantiene el período sin cambios.  

  - Mantiene al usuario en la pantalla actual.  

  

- **Cancelar**  

  - Regresa a la pantalla anterior.  

  - No realiza cambios en el período de inscripción.  

  

## Elementos conversación  

  

No hay elementos de conversación.  

  

## Anexos  

  

No hay anexos.",,"1. El sistema deberá permitir acceder a esta funcionalidad al Administrador del sistema, al Usuario de soporte y al Personal de la institución educativa.  

  

2. El Administrador del sistema y el Usuario de soporte deberán poder solicitar la eliminación del período de inscripción de cualquier institución.  

  

3. El Personal de la institución educativa solo podrá solicitar la eliminación del período de inscripción de su institución asignada.  

  

4. El sistema deberá impedir que el Personal de la institución educativa elimine el período de inscripción de otra institución.  

  

5. Al acceder a la funcionalidad, el sistema deberá mostrar la información del período de inscripción seleccionado.  

  

6. El sistema deberá mostrar la institución asociada al período.  

  

7. El sistema deberá mostrar la fecha y hora de inicio registradas.  

  

8. El sistema deberá mostrar la fecha y hora de cierre registradas.  

  

9. Toda la información mostrada deberá estar en modo solo lectura.  

  

10. Al seleccionar **Eliminar**, el sistema deberá mostrar un cuadro de diálogo de confirmación.  

  

11. El cuadro de diálogo deberá informar que la eliminación no se puede deshacer.  

  

12. El cuadro de diálogo deberá mostrar las opciones **Sí, eliminar** y **No**.  

  

13. El sistema no deberá eliminar el período antes de que el usuario confirme la acción.  

  

14. Antes de completar la eliminación, el sistema deberá verificar si existen inscripciones asociadas al período.  

  

15. Si el período tiene una o más inscripciones asociadas, el sistema no deberá permitir su eliminación.  

  

16. Si la eliminación no puede realizarse por tener inscripciones asociadas, el sistema deberá mostrar un mensaje explicando el motivo.  

  

17. Si el período no tiene inscripciones asociadas y el usuario selecciona **Sí, eliminar**, el sistema deberá eliminar el período.  

  

18. Después de eliminar correctamente el período, el sistema deberá mostrar un mensaje de confirmación.  

  

19. Después de eliminar correctamente el período, el sistema deberá regresar al usuario a la pantalla anterior o al listado correspondiente.  

  

20. El período eliminado no deberá aparecer en consultas posteriores.  

  

21. El período eliminado no deberá estar disponible para nuevas solicitudes de inscripción.  

  

22. La eliminación del período no deberá eliminar ni modificar la institución asociada.  

  

23. Si el usuario selecciona **No** en el cuadro de confirmación, el sistema deberá cerrar el cuadro de diálogo.  

  

24. Si el usuario selecciona **No**, el período deberá conservarse sin modificaciones.  

  

25. Si el usuario selecciona **No**, deberá permanecer en la pantalla desde la cual solicitó la eliminación.  

  

26. Si el usuario selecciona **Cancelar** antes de confirmar la eliminación, el sistema deberá regresar a la pantalla anterior.  

  

27. Si el usuario selecciona **Cancelar**, el período deberá conservarse sin modificaciones.  

  

28. Si ocurre un error durante la eliminación, el sistema deberá conservar el período y mostrar un mensaje indicando que la operación no pudo completarse.  

  

29. El sistema deberá impedir la eliminación cuando el usuario no tenga permisos sobre la institución asociada.  

  

30. La operación deberá aplicarse únicamente al período seleccionado por el usuario.  "
"Product Backlog Item","New","367","HU041 - Eliminar periodo de envio de documentos en un ciclo de inscripcion","# HU041 - Eliminar período de envío de documentos  

  

**Yo Como:** Administrador del sistema, usuario de soporte o personal de la institución educativa.  

  

**Quiero:** Eliminar el período de envío de documentos de una institución.  

  

**Para que:** Pueda retirar un período registrado incorrectamente o que ya no será utilizado para recibir los documentos requeridos durante el proceso de inscripción.  

  

## Desarrollo de la Historia  

  

### Elementos visuales  

  

- Información del período de envío de documentos seleccionado.  

- Información de la institución asociada.  

- Cuadro de diálogo de confirmación.  

- Mensaje con el resultado de la operación.  

  

### Datos mostrados  

  

- **Institución** (Texto)  

  - Solo lectura.  

  - Muestra el nombre de la institución asociada al período de envío de documentos.  

  

- **Fecha y hora de inicio** (Fecha y hora)  

  - Solo lectura.  

  - Muestra la fecha y hora de inicio del período registrado.  

  

- **Fecha y hora de cierre** (Fecha y hora)  

  - Solo lectura.  

  - Muestra la fecha y hora de cierre del período registrado.  

  

### Etiqueta de confirmación  

  

- El sistema mostrará el siguiente mensaje:  

  

**¿Estás seguro de que deseas eliminar este período de envío de documentos? Esta acción no se puede deshacer.**  

  

### Botones  

  

- **Eliminar**  

  - Abre el cuadro de diálogo de confirmación.  

  - No elimina el período hasta que el usuario confirme la acción.  

  

- **Sí, eliminar**  

  - Confirma la eliminación del período de envío de documentos.  

  - Elimina el período cuando cumple con las reglas establecidas.  

  - Muestra un mensaje con el resultado de la operación.  

  

- **No**  

  - Cierra el cuadro de diálogo de confirmación.  

  - Mantiene el período sin cambios.  

  - Mantiene al usuario en la pantalla actual.  

  

- **Cancelar**  

  - Regresa a la pantalla anterior.  

  - No realiza cambios en el período de envío de documentos.  



## Elementos conversación  

  

No hay elementos de conversación.  

  

## Anexos  

  

No hay anexos.",,"1. El sistema deberá permitir acceder a esta funcionalidad al Administrador del sistema, al Usuario de soporte y al Personal de la institución educativa.  

  

2. El Administrador del sistema y el Usuario de soporte deberán poder solicitar la eliminación del período de envío de documentos de cualquier institución.  

  

3. El Personal de la institución educativa solo podrá solicitar la eliminación del período de envío de documentos de su institución asignada.  

  

4. El sistema deberá impedir que el Personal de la institución educativa elimine el período de envío de documentos de otra institución.  

  

5. Al acceder a la funcionalidad, el sistema deberá mostrar la información del período seleccionado.  

  

6. El sistema deberá mostrar la institución asociada al período.  

  

7. El sistema deberá mostrar la fecha y hora de inicio registradas.  

  

8. El sistema deberá mostrar la fecha y hora de cierre registradas.  

  

9. Toda la información del período deberá mostrarse en modo solo lectura.  

  

10. El formulario no deberá mostrar campos para nombre, descripción ni estado.  

  

11. Al seleccionar **Eliminar**, el sistema deberá mostrar un cuadro de diálogo de confirmación.  

  

12. El cuadro de diálogo deberá indicar que la eliminación no se puede deshacer.  

  

13. El cuadro de diálogo deberá mostrar las opciones **Sí, eliminar** y **No**.  

  

14. El sistema no deberá eliminar el período antes de que el usuario confirme la acción.  

  

15. Antes de completar la eliminación, el sistema deberá verificar si existen documentos cargados o enviados asociados al período.  

  

16. Si el período tiene uno o más documentos asociados, el sistema no deberá permitir su eliminación.  

  

17. Si la eliminación no puede realizarse porque existen documentos asociados, el sistema deberá mostrar un mensaje explicando el motivo.  

  

18. Si existen documentos asociados, el sistema deberá conservar el período sin modificaciones.  

  

19. Si el período no tiene documentos asociados y el usuario selecciona **Sí, eliminar**, el sistema deberá eliminar el período.  

  

20. Después de eliminar correctamente el período, el sistema deberá mostrar un mensaje de confirmación.  

  

21. Después de eliminar correctamente el período, el sistema deberá regresar al usuario a la pantalla anterior o al listado correspondiente.  

  

22. El período eliminado no deberá aparecer en consultas posteriores.  

  

23. El período eliminado no deberá estar disponible para la carga o el envío de documentos.  

  

24. La eliminación del período no deberá eliminar ni modificar la institución asociada.  

  

25. La eliminación del período no deberá eliminar ningún documento previamente almacenado.  

  

26. Si el usuario selecciona **No** en el cuadro de confirmación, el sistema deberá cerrar el cuadro de diálogo.  

  

27. Si el usuario selecciona **No**, el período deberá conservarse sin modificaciones.  

  

28. Si el usuario selecciona **No**, el usuario deberá permanecer en la pantalla desde la cual solicitó la eliminación.  

  

29. Si el usuario selecciona **Cancelar** antes de confirmar la eliminación, el sistema deberá regresar a la pantalla anterior.  

  

30. Si el usuario selecciona **Cancelar**, el período deberá conservarse sin modificaciones.  

  

31. Si ocurre un error durante la eliminación, el sistema deberá conservar el período.  

  

32. Si ocurre un error durante la eliminación, el sistema deberá mostrar un mensaje indicando que la operación no pudo completarse.  

  

33. El sistema deberá impedir la eliminación cuando el usuario no tenga permisos sobre la institución asociada.  

  

34. La eliminación deberá aplicarse únicamente al período seleccionado por el usuario.  

  

35. La eliminación de este período no deberá modificar otros períodos registrados para la institución.  "
"Product Backlog Item","New","368","HU042 - Eliminar periodo para agendar citas en un ciclo de inscripcion","**Yo Como:** Administrador del sistema, usuario de soporte o personal de la institución educativa.

**Quiero:** Eliminar el período para agendar citas de una institución.

**Para que:** Pueda retirar un período registrado incorrectamente o que ya no será utilizado para permitir el agendamiento de citas durante el proceso de inscripción.

## Desarrollo de la Historia

### Elementos visuales

- Información del período para agendar citas seleccionado.
- Cuadro de diálogo de confirmación.
- Mensaje con el resultado de la operación.

### Datos mostrados

- **Institución** (Texto)
  - Solo lectura.
  - Muestra el nombre de la institución asociada al período.

- **Fecha y hora de inicio** (Fecha y hora)
  - Solo lectura.
  - Muestra la fecha y hora de inicio registradas para el período.

- **Fecha y hora de cierre** (Fecha y hora)
  - Solo lectura.
  - Muestra la fecha y hora de cierre registradas para el período.

### Etiqueta de confirmación

- Al seleccionar **Eliminar**, el sistema mostrará el siguiente mensaje:

  **¿Estás seguro de que deseas eliminar este período para agendar citas? Esta acción no se puede deshacer.**

### Botones

- **Eliminar**
  - Abre el cuadro de diálogo de confirmación.

- **Sí, eliminar**
  - Confirma la eliminación del período seleccionado.

- **No**
  - Cierra el cuadro de diálogo sin eliminar el período.

- **Cancelar**
  - Regresa a la pantalla anterior sin realizar cambios.",,"1. El Administrador del sistema y el Usuario de soporte podrán solicitar la eliminación del período para agendar citas de cualquier institución.  

  

2. El Personal de la institución educativa solo podrá solicitar la eliminación del período para agendar citas de su institución asignada.  

  

3. Si un usuario intenta eliminar un período sobre el cual no tiene permisos, el sistema deberá impedir la acción y mostrar un mensaje de permisos insuficientes.  

  

4. Al acceder a la funcionalidad, el sistema deberá mostrar en modo solo lectura:  

- La institución asociada.  

- La fecha y hora de inicio.  

- La fecha y hora de cierre.  

  

5. El sistema no deberá permitir modificar la información del período desde esta funcionalidad.  

  

6. Al seleccionar **Eliminar**, el sistema deberá mostrar un cuadro de diálogo con el mensaje de confirmación y las opciones **Sí, eliminar** y **No**.  

  

7. El sistema no deberá eliminar el período hasta que el usuario seleccione **Sí, eliminar**.  

  

8. Antes de realizar la eliminación, el sistema deberá verificar si existen citas asociadas al período.  

  

9. Si existen citas asociadas, el sistema no deberá eliminar el período y mostrará un mensaje indicando que la operación no puede completarse por ese motivo.  

  

10. Si no existen citas asociadas y el usuario selecciona **Sí, eliminar**, el sistema deberá eliminar únicamente el período seleccionado.  

  

11. Después de eliminar correctamente el período, el sistema deberá mostrar un mensaje de confirmación y regresar al usuario a la pantalla anterior o al listado correspondiente.  

  

12. El período eliminado no deberá aparecer en consultas posteriores ni estar disponible para agendar nuevas citas.  

  

13. La eliminación del período no deberá eliminar ni modificar:  

  - La institución asociada.  

  - Otros períodos de la institución.  

  - Los horarios o turnos configurados.  
"
"Product Backlog Item","New","369","HU043 - Agregar limite de citas para un periodo",,,
"Product Backlog Item","New","370","HU044 - Agregar lista de documentos requerido para inscripcion","**Yo Como:** Administrador del sistema, usuario de soporte o personal de la institución educativa.  

  

**Quiero:** Agregar la lista de documentos requeridos por una institución para la inscripción.  

  

**Para que:** Los tutores conozcan los documentos que deben cargar y enviar según el nivel educativo al que será inscrito el aspirante.  

  

## Desarrollo de la Historia  

  

### Elementos visuales  

  

- Formulario para agregar documentos requeridos.  

- Información de la institución seleccionada.  

- Listado temporal de documentos agregados.  

  

### Campos  

  

- **Institución** (Lista desplegable)  

  - Obligatorio para el Administrador del sistema y el Usuario de soporte.  

  - Solo muestra instituciones activas.  

  - Para el Personal de la institución educativa, se completa automáticamente con su institución asignada y se muestra en modo solo lectura.  

  

- **Nombre del documento** (Texto)  

  - Obligatorio.  

  - Mínimo 3 caracteres.  

  - Máximo 150 caracteres.  

  - No permite espacios al inicio ni al final.  

  

- **Nivel educativo requerido** (Selección múltiple)  

  - Obligatorio.  

  - Debe seleccionarse al menos una opción.  

  - Valores permitidos:  

    - Primaria.  

    - Secundaria.  

     - Bachillerato.  

  - Un documento puede asociarse a uno o varios niveles educativos.  

  

- **Descripción del documento** (Texto multilínea)  

  - Opcional.  

  - Máximo 500 caracteres.  

  - Permite indicar instrucciones o características del documento solicitado.  

  

- **Formatos permitidos** (Selección múltiple)  

  - Obligatorio.  

  - Debe seleccionarse al menos una opción.  

  - Valores permitidos:  

    - PDF.  

    - JPG.  

    - JPEG.  

    - PNG.  

  

- **Tamaño máximo permitido** (Numérico)  

  - Obligatorio.  

  - Expresado en MB.  

  - Solo permite números enteros.  

  - Mínimo 1 MB.  

  - Máximo 10 MB.  

  

### Botones  

  

- **Agregar documento**  

  - Incorpora el documento al listado temporal.  

  

- **Quitar**  

  - Retira del listado temporal el documento seleccionado.  

  

- **Guardar lista**  

  - Guarda la lista de documentos y la asocia con la institución seleccionada.  

  

- **Cancelar**  

  - Descarta los documentos y cambios no guardados.  

  - Regresa a la pantalla anterior.  ",,"1. El Administrador del sistema y el Usuario de soporte deberán poder seleccionar cualquier institución activa.  

  

2. Para el Personal de la institución educativa, el campo **Institución** deberá completarse con su institución asignada y mostrarse en modo solo lectura.  

  

3. El sistema deberá impedir que el Personal de la institución educativa configure documentos para otra institución.  

  

4. Para agregar un documento, el usuario deberá ingresar un nombre, seleccionar al menos un nivel educativo, seleccionar al menos un formato permitido e indicar un tamaño máximo válido.  

  

5. El campo **Nivel educativo requerido** deberá permitir seleccionar uno o varios de estos valores:  

   - Primaria.  

   - Secundaria.  

   - Bachillerato.  

  

6. Si un campo obligatorio está vacío o contiene un valor inválido, el sistema deberá mostrar un mensaje de validación y no agregará el documento al listado temporal.  

  

7. Al seleccionar **Agregar documento**, el sistema deberá incorporar el documento al listado temporal y limpiar los campos para permitir agregar otro.  

  

8. El sistema no deberá permitir que la misma combinación de nombre del documento y nivel educativo se repita para la institución, sin distinguir entre letras mayúsculas y minúsculas.  

  

9. El mismo documento podrá asociarse con varios niveles educativos sin necesidad de crear registros separados.  

  

10. Cada documento agregado deberá mostrar:  

   - Nombre del documento.  

   - Niveles educativos asociados.  

  - Descripción, cuando exista.  

  - Formatos permitidos.  

  - Tamaño máximo permitido.  

  - Opción **Quitar**.  

  

11. Al seleccionar **Quitar**, el sistema deberá retirar únicamente el documento seleccionado del listado temporal.  

  

12. El sistema no deberá permitir guardar una lista vacía.  

  

13. Al seleccionar **Guardar lista**, el sistema deberá asociar todos los documentos y sus niveles educativos con la institución correspondiente.  

  

14. Después de guardar correctamente la lista, el sistema deberá mostrar un mensaje de confirmación.  

  

16. Durante la inscripción, el sistema deberá mostrar al tutor únicamente los documentos correspondientes al nivel educativo seleccionado para el aspirante.  

  

17. Si un documento está asociado con varios niveles educativos, deberá mostrarse para cualquiera de los niveles seleccionados durante su configuración.  

  

18. Para cada documento guardado, el sistema deberá conservar:  

  - Nombre del documento.  

  - Niveles educativos asociados.  

  - Descripción, cuando exista.  

  - Formatos permitidos.  

  - Tamaño máximo permitido.  

  

19. Al seleccionar **Cancelar**, el sistema deberá descartar todos los documentos y cambios no guardados y regresar a la pantalla anterior.  

  

20. Si ocurre un error durante el guardado, el sistema deberá mostrar un mensaje indicando que la operación no pudo completarse.  

  

21. Si ocurre un error durante el guardado, el sistema no deberá guardar parcialmente la lista de documentos.  

  

22. Después de un error de guardado, los documentos deberán permanecer en el listado temporal para que el usuario pueda corregir la información o intentar guardar nuevamente.  "
"Product Backlog Item","New","371","HU045 - Modificar lista de documentos requeridos para inscripcion","**Yo Como:** Administrador del sistema, usuario de soporte o personal de la institución educativa.  

  

**Quiero:** Modificar la lista de documentos requeridos por una institución para la inscripción.  

  

**Para que:** Pueda mantener actualizados los documentos que deben cargar y enviar los tutores según el nivel educativo del aspirante.  

  

## Desarrollo de la Historia  

  

### Elementos visuales  

  

- Formulario de modificación de documentos requeridos.  

- Información de la institución asociada.  

- Listado de documentos requeridos registrados para la institución.  

  

### Datos mostrados  

  

- **Institución** (Texto)  

  - Solo lectura.  

  - Muestra el nombre de la institución asociada a la lista.  

  - No puede modificarse desde esta funcionalidad.  

  

### Campos de cada documento  

  

- **Nombre del documento** (Texto)  

  - Obligatorio.  

  - Mínimo 3 caracteres.  

  - Máximo 150 caracteres.  

  - No permite espacios al inicio ni al final.  

  

- **Nivel educativo requerido** (Selección múltiple)  

  - Obligatorio.  

  - Debe seleccionarse al menos una opción.  

  - Valores permitidos:  

    - Primaria.  

    - Secundaria.  

    - Bachillerato.  

  - Un documento puede permanecer asociado con uno o varios niveles educativos.  

  

- **Descripción del documento** (Texto multilínea)  

  - Opcional.  

  - Máximo 500 caracteres.  

  

- **Formatos permitidos** (Selección múltiple)  

  - Obligatorio.  

  - Debe seleccionarse al menos una opción.  

  - Valores permitidos:  

    - PDF.  

    - JPG.  

    - JPEG.  

    - PNG.  

  

- **Tamaño máximo permitido** (Numérico)  

  - Obligatorio.  

  - Expresado en MB.  

  - Solo permite números enteros.  

  - Mínimo 1 MB.  

  - Máximo 10 MB.  

  

### Botones  

  

- **Editar documento**  

  - Habilita la modificación de los datos del documento seleccionado.  

  

- **Agregar documento**  

  - Permite incorporar un nuevo documento a la lista.  

  

- **Quitar documento**  

   - Retira de la lista el documento seleccionado.  

  

- **Guardar cambios**  

   - Guarda todas las modificaciones realizadas en la lista.  

  

- **Cancelar**  

  - Descarta los cambios no guardados y regresa a la pantalla anterior.  

  

- **Resetear**  

  - Restaura en el formulario la lista y los valores que estaban almacenados al acceder a la pantalla.  

  - Mantiene al usuario en la pantalla de modificación.  ",,"1. El Administrador del sistema y el Usuario de soporte podrán modificar la lista de documentos requeridos de cualquier institución.  

  

2. El Personal de la institución educativa solo podrá modificar la lista de documentos requeridos de su institución asignada.  

  

3. Si el usuario intenta modificar una lista sobre la cual no tiene permisos, el sistema deberá impedir la acción y mostrar un mensaje de permisos insuficientes.  

  

4. Al acceder a la funcionalidad, el sistema deberá mostrar:  

- La institución asociada.  

- Los documentos registrados.  

- Los niveles educativos asociados con cada documento.  

- La descripción de cada documento, cuando exista.  

- Los formatos permitidos.  

- El tamaño máximo permitido.  

  

5. La institución asociada deberá mostrarse en modo solo lectura y no podrá modificarse desde esta funcionalidad.  

  

6. Al seleccionar **Editar documento**, el sistema deberá habilitar la modificación de los datos del documento seleccionado.  

  

7. Los campos editables de cada documento deberán conservar las siguientes validaciones:  

- El nombre deberá contener entre 3 y 150 caracteres.  

- Deberá seleccionarse al menos un nivel educativo.  

- Deberá seleccionarse al menos un formato permitido.  

- El tamaño máximo deberá ser un número entero entre 1 y 10 MB.  

- La descripción será opcional y no podrá superar los 500 caracteres.  

  

8. El campo **Nivel educativo requerido** deberá permitir seleccionar una o varias de las siguientes opciones:  

- Primaria.  

- Secundaria.  

- Bachillerato.  

  

9. El campo **Formatos permitidos** deberá permitir seleccionar una o varias de las siguientes opciones:  

- PDF.  

- JPG.  

- JPEG.  

- PNG.  

  

10. Si algún documento contiene un campo obligatorio vacío o un valor inválido, el sistema deberá identificar el campo correspondiente, mostrar un mensaje de validación e impedir el guardado de la lista.  

  

11. El sistema no deberá permitir que se repita la misma combinación de nombre del documento y nivel educativo para la institución, sin distinguir entre letras mayúsculas y minúsculas.  

  

12. Un documento podrá asociarse con varios niveles educativos dentro de un mismo registro.  

  

13. Al seleccionar **Agregar documento**, el sistema deberá permitir ingresar sus datos e incorporarlo a la lista en edición.  

  

14. Al seleccionar **Quitar documento**, el sistema deberá solicitar confirmación antes de retirarlo de la lista.  

  

15. Si el usuario confirma la acción de quitar, el sistema deberá retirar únicamente el documento seleccionado de la lista en edición.  

  

16. Si el usuario rechaza la acción de quitar, el documento deberá permanecer en la lista sin modificaciones.  

  

17. El sistema no deberá permitir guardar la lista si no contiene al menos un documento.  

  

18. Los documentos agregados, modificados o retirados no deberán almacenarse definitivamente hasta que el usuario seleccione **Guardar cambios**.  

  

19. Al seleccionar **Guardar cambios**, el sistema deberá validar la lista completa antes de almacenar las modificaciones.  

  

20. Si la lista es válida, el sistema deberá guardar en una sola operación:  

- Los documentos modificados.  

- Los documentos agregados.  

- Los documentos retirados.  

- Los niveles educativos asociados.  

- Las descripciones registradas.  

- Los formatos permitidos.  

- Los tamaños máximos configurados.  

  

21. Después de guardar correctamente los cambios, el sistema deberá mostrar un mensaje de confirmación.  

  

22. Las consultas posteriores deberán mostrar la versión más reciente de la lista de documentos requeridos.  

  

23. Durante la inscripción, el sistema deberá mostrar al tutor únicamente los documentos asociados con el nivel educativo seleccionado para el aspirante.  

  

24. Los cambios realizados en los niveles educativos, formatos permitidos o tamaños máximos deberán aplicarse después de guardar la lista.  

  

25. Al seleccionar **Cancelar**, el sistema deberá descartar todos los cambios no guardados y regresar a la pantalla anterior.  

  

26. Después de cancelar, la lista deberá conservar la información almacenada antes de iniciar la modificación.  

  

27. Al seleccionar **Resetear**, el sistema deberá restaurar en pantalla la lista y los valores que estaban almacenados al acceder a la funcionalidad.  

  

28. La acción **Resetear** no deberá guardar cambios y mantendrá al usuario en la pantalla para que pueda continuar editando.  

  

29. Si ocurre un error durante el guardado, el sistema deberá:  

- Mostrar un mensaje indicando que la operación no pudo completarse.  

- Evitar el guardado parcial de la lista.  

- Mantener visibles los cambios realizados para que el usuario pueda corregirlos o intentar guardarlos nuevamente."
"Product Backlog Item","Removed","372","HU046 - Iniciar proceso de inscripcion",,,
"Product Backlog Item","New","192","HU046 - Iniciar proceso de inscripcion","<table width=640 style=""border-collapse:collapse;border:none;"">
 <tbody><tr>
  </tr></tbody></table><table width=800 style=""border-collapse:collapse;border:none;"">
 <tbody><tr>
  <td width=144 style=""width:86.65pt;border:solid #E5B8B7 1.0pt;border-bottom:solid #D99594 1.5pt;padding:0cm 5.4pt 0cm 5.4pt;"">
  <p style=""margin:0cm 0cm 10pt;font-size:11pt;font-family:Calibri, sans-serif;margin-bottom:0cm;margin-bottom:.0001pt;""><b><span>Yo Como</span></b><span></span> </p>
  </td>
  <td width=656 style=""width:393.5pt;border-top:solid #E5B8B7 1.0pt;border-left:none;border-bottom:solid #D99594 1.5pt;border-right:solid #E5B8B7 1.0pt;padding:0cm 5.4pt 0cm 5.4pt;"">
  <p style=""margin:0cm 0cm 10pt;font-size:11pt;font-family:Calibri, sans-serif;margin-bottom:0cm;margin-bottom:.0001pt;""><b><span style=""font-size:10.0pt;"">Padre, madre o Tutor/ Personal
  Administrativo</span></b><span style=""font-size:10.0pt;""></span> </p>
  <p style=""margin:0cm 0cm 10pt;font-size:11pt;font-family:Calibri, sans-serif;margin-bottom:0cm;margin-bottom:.0001pt;""><b><span style=""font-size:10.0pt;"">&nbsp;</span></b> </p>
  </td>
 </tr>
 <tr>
  <td width=144 style=""width:86.65pt;border:solid #E5B8B7 1.0pt;border-top:none;padding:0cm 5.4pt 0cm 5.4pt;"">
  <p style=""margin:0cm 0cm 10pt;font-size:11pt;font-family:Calibri, sans-serif;margin-bottom:0cm;margin-bottom:.0001pt;""><b><span>Quiero</span></b> </p> </td><td width=656 style=""width:393.5pt;border-top:none;border-left:none;border-bottom:solid #E5B8B7 1.0pt;border-right:solid #E5B8B7 1.0pt;padding:0cm 5.4pt 0cm 5.4pt;""><b>Iniciar el proceso de inscripción a través de la plataforma en linea.</b> </td>
 </tr>
 <tr>
  <td width=144 style=""width:86.65pt;border:solid #E5B8B7 1.0pt;border-top:none;padding:0cm 5.4pt 0cm 5.4pt;"">
  <p style=""margin:0cm 0cm 10pt;font-size:11pt;font-family:Calibri, sans-serif;margin-bottom:0cm;margin-bottom:.0001pt;""><b><span>Para que</span></b><span></span> </p>
  </td>
  <td width=656 style=""width:393.5pt;border-top:none;border-left:none;border-bottom:solid #E5B8B7 1.0pt;border-right:solid #E5B8B7 1.0pt;padding:0cm 5.4pt 0cm 5.4pt;"">
  <p style=""margin:0cm 0cm 0.0001pt 36pt;font-size:11pt;font-family:Calibri, sans-serif;margin-bottom:0cm;margin-bottom:.0001pt;""><br> </p>
  <ul style=""margin-bottom:0cm;""><li><b>Pueda inscribir a mi hijo/a de manera rápida y eficiente sin tener que acudir personalmente al liceo.</b> </li> </ul> </td></tr><tr><td width=144 style=""width:86.65pt;border:solid #E5B8B7 1.0pt;border-top:none;padding:0cm 5.4pt 0cm 5.4pt;""><p style=""margin:0cm 0cm 10pt;font-size:11pt;font-family:Calibri, sans-serif;margin-bottom:0cm;margin-bottom:.0001pt;""><b><span>Desarrollo
  de la Historia</span></b> </p>
  </td>
  <td width=656 style=""width:393.5pt;border-top:none;border-left:none;border-bottom:solid #E5B8B7 1.0pt;border-right:solid #E5B8B7 1.0pt;padding:0cm 5.4pt 0cm 5.4pt;"">
  <p style=""margin:0cm 0cm 10pt;font-size:11pt;font-family:Calibri, sans-serif;margin-bottom:0cm;margin-bottom:.0001pt;text-align:justify;""><b><span style=""font-size:10.0pt;"">Campos</span></b> </p>
  <p style=""margin:0cm 0cm 10pt;font-size:11pt;font-family:Calibri, sans-serif;margin-bottom:0cm;margin-bottom:.0001pt;text-align:justify;""><span style=""font-size:10.0pt;"">&nbsp;</span> </p>
  <ul style=""margin-bottom:0cm;""><li>Campo para ingresar los datos personales del estudiante.<br> </li><li>Campo para ingresar los datos del tutor (nombre, apellido, cédula).<br> </li><li>Campo para seleccionar el liceo y grado al que se desea inscribir al estudiante.<br> </li><li>Campo para adjuntar los documentos requeridos.<br> </li><li>Campo de confirmación de los datos ingresados.<br> </li> </ul>
  
  <p style=""margin:0cm 0cm 10pt 36pt;font-size:11pt;font-family:Calibri, sans-serif;margin-bottom:0cm;margin-bottom:.0001pt;text-align:justify;""><b><span style=""font-size:10.0pt;"">&nbsp;</span></b> </p>
  <p style=""margin:0cm 0cm 10pt;font-size:11pt;font-family:Calibri, sans-serif;margin-bottom:0cm;margin-bottom:.0001pt;text-align:justify;""><b><span style=""font-size:10.0pt;"">Botones</span></b> </p>
  <p style=""margin:0cm 0cm 10pt;font-size:11pt;font-family:Calibri, sans-serif;margin-bottom:0cm;margin-bottom:.0001pt;text-align:justify;""><b><span style=""font-size:10.0pt;"">&nbsp;</span></b> </p>
  <ul style=""margin-bottom:0cm;""><li><li><li>Botón para avanzar entre las distintas secciones del formulario (información del estudiante, información del tutor, documentos).<br> </li><li>Botón para cargar documentos.<br> </li><li>Botón para finalizar y confirmar la inscripción.<br> </li> </li> </li> </ul>
  <p style=""margin:0cm 0cm 10pt;font-size:11pt;font-family:Calibri, sans-serif;margin-bottom:0cm;margin-bottom:.0001pt;text-align:justify;""><b><span style=""font-size:10.0pt;"">&nbsp;</span></b> </p>
  </td>
 </tr>
 <tr>
  <td width=144 style=""width:86.65pt;border:solid #E5B8B7 1.0pt;border-top:none;padding:0cm 5.4pt 0cm 5.4pt;"">
  <p style=""margin:0cm 0cm 10pt;font-size:11pt;font-family:Calibri, sans-serif;margin-bottom:0cm;margin-bottom:.0001pt;""><b><span>Criterios de Aceptación</span></b><span></span> </p>
  </td>
  <td width=656 style=""width:393.5pt;border-top:none;border-left:none;border-bottom:solid #E5B8B7 1.0pt;border-right:solid #E5B8B7 1.0pt;padding:0cm 5.4pt 0cm 5.4pt;"">
  <p style=""margin:0cm 0cm 10pt;font-size:11pt;font-family:Calibri, sans-serif;margin-bottom:0cm;margin-bottom:.0001pt;""><span style=""font-size:10.0pt;"">&nbsp;</span> </p>
  <ul style=""margin-bottom:0cm;""><li><li>El sistema permite el ingreso de todos los datos requeridos del estudiante y tutor. </li><li>El usuario puede subir documentos en formatos PDF o JPG. </li><li><li>El sistema valida que todos los campos obligatorios estén completos antes de permitir la finalización de la inscripción. </li><li>El usuario recibe una confirmación de inscripción exitosa por correo electrónico. </li><br> </li><br> </li> </ul>
  
  
  
  
  </td>
 </tr>
 <tr>
  <td width=144 style=""width:86.65pt;border:solid #E5B8B7 1.0pt;border-top:none;padding:0cm 5.4pt 0cm 5.4pt;"">
  <p style=""margin:0cm 0cm 10pt;font-size:11pt;font-family:Calibri, sans-serif;margin-bottom:0cm;margin-bottom:.0001pt;""><b><span>Elementos conversación</span></b><span></span> </p>
  </td>
  <td width=656 style=""width:393.5pt;border-top:none;border-left:none;border-bottom:solid #E5B8B7 1.0pt;border-right:solid #E5B8B7 1.0pt;padding:0cm 5.4pt 0cm 5.4pt;"">
  <p style=""margin:0cm 0cm 10pt;font-size:11pt;font-family:Calibri, sans-serif;margin-bottom:0cm;margin-bottom:.0001pt;""><span style=""font-size:10.0pt;"">N/A.</span> </p>
  </td>
 </tr>
 <tr>
  <td width=144 style=""width:86.65pt;border:solid #E5B8B7 1.0pt;border-top:none;padding:0cm 5.4pt 0cm 5.4pt;"">
  <p style=""margin:0cm 0cm 10pt;font-size:11pt;font-family:Calibri, sans-serif;margin-bottom:0cm;margin-bottom:.0001pt;""><b><span>Anexos</span></b> </p>
  </td>
  <td width=656 style=""width:393.5pt;border-top:none;border-left:none;border-bottom:solid #E5B8B7 1.0pt;border-right:solid #E5B8B7 1.0pt;padding:0cm 5.4pt 0cm 5.4pt;"">
  <p style=""margin:0cm 0cm 10pt;font-size:11pt;font-family:Calibri, sans-serif;margin-bottom:0cm;margin-bottom:.0001pt;""><span style=""font-size:10.0pt;"">N/A.</span> </p>
  <p style=""margin:0cm 0cm 10pt;font-size:11pt;font-family:Calibri, sans-serif;margin-bottom:0cm;margin-bottom:.0001pt;""><span style=""font-size:10.0pt;"">&nbsp;</span> </p>
  </td>
 </tr></tbody></table><br><br>",,
"Product Backlog Item","New","144","HU047 - Subir documentos requeridos para inscripcion","<table width=640 style=""border-collapse:collapse;border:none;"">
 <tbody><tr>
  </tr></tbody></table><br><table width=800 style=""border-collapse:collapse;border:none;"">
 <tbody><tr>
  <td width=144 style=""width:86.65pt;border:solid #E5B8B7 1.0pt;border-bottom:solid #D99594 1.5pt;padding:0cm 5.4pt 0cm 5.4pt;"">
  <p style=""margin:0cm 0cm 10pt;font-size:11pt;font-family:Calibri, sans-serif;margin-bottom:0cm;margin-bottom:.0001pt;""><b><span>Yo Como</span></b><span></span> </p>
  </td>
  <td width=656 style=""width:393.5pt;border-top:solid #E5B8B7 1.0pt;border-left:none;border-bottom:solid #D99594 1.5pt;border-right:solid #E5B8B7 1.0pt;padding:0cm 5.4pt 0cm 5.4pt;"">
  <p style=""margin:0cm 0cm 10pt;font-size:11pt;font-family:Calibri, sans-serif;margin-bottom:0cm;margin-bottom:.0001pt;""><b><span style=""font-size:10.0pt;"">Padre, madre o Tutor/ Personal
  Administrativo</span></b><span style=""font-size:10.0pt;""></span> </p>
  <p style=""margin:0cm 0cm 10pt;font-size:11pt;font-family:Calibri, sans-serif;margin-bottom:0cm;margin-bottom:.0001pt;""><b><span style=""font-size:10.0pt;"">&nbsp;</span></b> </p>
  </td>
 </tr>
 <tr>
  <td width=144 style=""width:86.65pt;border:solid #E5B8B7 1.0pt;border-top:none;padding:0cm 5.4pt 0cm 5.4pt;"">
  <p style=""margin:0cm 0cm 10pt;font-size:11pt;font-family:Calibri, sans-serif;margin-bottom:0cm;margin-bottom:.0001pt;""><b><span>Quiero</span></b><span></span> </p>
  </td>
  <td width=656 style=""width:393.5pt;border-top:none;border-left:none;border-bottom:solid #E5B8B7 1.0pt;border-right:solid #E5B8B7 1.0pt;padding:0cm 5.4pt 0cm 5.4pt;"">
  <p style=""margin:0cm 0cm 10pt;font-size:11pt;font-family:Calibri, sans-serif;margin-bottom:0cm;margin-bottom:.0001pt;""><span style=""font-size:10.0pt;""><b>Subir documentos relevantes para la inscripción o gestión de estudiantes.</b></span> </p>
  </td>
 </tr>
 <tr>
  <td width=144 style=""width:86.65pt;border:solid #E5B8B7 1.0pt;border-top:none;padding:0cm 5.4pt 0cm 5.4pt;"">
  <p style=""margin:0cm 0cm 10pt;font-size:11pt;font-family:Calibri, sans-serif;margin-bottom:0cm;margin-bottom:.0001pt;""><b><span>Para que</span></b><span></span> </p>
  </td>
  <td width=656 style=""width:393.5pt;border-top:none;border-left:none;border-bottom:solid #E5B8B7 1.0pt;border-right:solid #E5B8B7 1.0pt;padding:0cm 5.4pt 0cm 5.4pt;"">
  <p style=""margin:0cm 0cm 0.0001pt 36pt;font-size:11pt;font-family:Calibri, sans-serif;margin-bottom:0cm;margin-bottom:.0001pt;"">Para completar el proceso de inscripción o actualizar información necesaria. </p>
  
  
  </td>
 </tr>
 <tr>
  <td width=144 style=""width:86.65pt;border:solid #E5B8B7 1.0pt;border-top:none;padding:0cm 5.4pt 0cm 5.4pt;"">
  <p style=""margin:0cm 0cm 10pt;font-size:11pt;font-family:Calibri, sans-serif;margin-bottom:0cm;margin-bottom:.0001pt;""><b><span>Desarrollo
  de la Historia</span></b> </p>
  </td>
  <td width=656 style=""width:393.5pt;border-top:none;border-left:none;border-bottom:solid #E5B8B7 1.0pt;border-right:solid #E5B8B7 1.0pt;padding:0cm 5.4pt 0cm 5.4pt;"">
  <p style=""margin:0cm 0cm 10pt;font-size:11pt;font-family:Calibri, sans-serif;margin-bottom:0cm;margin-bottom:.0001pt;text-align:justify;""><b><span style=""font-size:10.0pt;"">Campos</span></b> </p>
  <p style=""margin:0cm 0cm 10pt;font-size:11pt;font-family:Calibri, sans-serif;margin-bottom:0cm;margin-bottom:.0001pt;text-align:justify;""><span style=""font-size:10.0pt;"">&nbsp;</span> </p>
  <ul style=""margin-bottom:0cm;""><li>Campo de selección del tipo de documento (cédula, acta de nacimiento) </li><li>Campo para seleccionar el archivo a subir. </li><br> </ul>
  
  <p style=""margin:0cm 0cm 10pt 36pt;font-size:11pt;font-family:Calibri, sans-serif;margin-bottom:0cm;margin-bottom:.0001pt;text-align:justify;""><b><span style=""font-size:10.0pt;"">&nbsp;</span></b> </p>
  <p style=""margin:0cm 0cm 10pt;font-size:11pt;font-family:Calibri, sans-serif;margin-bottom:0cm;margin-bottom:.0001pt;text-align:justify;""><b><span style=""font-size:10.0pt;"">Botones</span></b> </p>
  <p style=""margin:0cm 0cm 10pt;font-size:11pt;font-family:Calibri, sans-serif;margin-bottom:0cm;margin-bottom:.0001pt;text-align:justify;""><b><span style=""font-size:10.0pt;"">&nbsp;</span></b> </p>
  <ul style=""margin-bottom:0cm;""><li>Botón para cargar el archivo.<br> </li><li>Botón de confirmación para enviar los documentos.<br> </li> </ul>
  <p style=""margin:0cm 0cm 10pt;font-size:11pt;font-family:Calibri, sans-serif;margin-bottom:0cm;margin-bottom:.0001pt;text-align:justify;""><b><span style=""font-size:10.0pt;"">&nbsp;</span></b> </p>
  </td>
 </tr>
 <tr>
  <td width=144 style=""width:86.65pt;border:solid #E5B8B7 1.0pt;border-top:none;padding:0cm 5.4pt 0cm 5.4pt;"">
  <p style=""margin:0cm 0cm 10pt;font-size:11pt;font-family:Calibri, sans-serif;margin-bottom:0cm;margin-bottom:.0001pt;""><b><span>Criterios de Aceptación</span></b><span></span> </p>
  </td>
  <td width=656 style=""width:393.5pt;border-top:none;border-left:none;border-bottom:solid #E5B8B7 1.0pt;border-right:solid #E5B8B7 1.0pt;padding:0cm 5.4pt 0cm 5.4pt;"">
  <p style=""margin:0cm 0cm 10pt;font-size:11pt;font-family:Calibri, sans-serif;margin-bottom:0cm;margin-bottom:.0001pt;""><span style=""font-size:10.0pt;"">&nbsp;</span> </p><li>El sistema permite la subida de documentos en formatos PDF o JPG. </li><li>El sistema valida que el tamaño del archivo no supere los 5 MB. </li><li>El usuario recibe un mensaje de confirmación tras subir los documentos. </li> <p> </p>
  <span style=""font-size:13.3333px;""><br></span>
  
  
  
  
  </td>
 </tr>
 <tr>
  <td width=144 style=""width:86.65pt;border:solid #E5B8B7 1.0pt;border-top:none;padding:0cm 5.4pt 0cm 5.4pt;"">
  <p style=""margin:0cm 0cm 10pt;font-size:11pt;font-family:Calibri, sans-serif;margin-bottom:0cm;margin-bottom:.0001pt;""><b><span>Elementos conversación</span></b><span></span> </p>
  </td>
  <td width=656 style=""width:393.5pt;border-top:none;border-left:none;border-bottom:solid #E5B8B7 1.0pt;border-right:solid #E5B8B7 1.0pt;padding:0cm 5.4pt 0cm 5.4pt;"">
  <p style=""margin:0cm 0cm 10pt;font-size:11pt;font-family:Calibri, sans-serif;margin-bottom:0cm;margin-bottom:.0001pt;""><span style=""font-size:10.0pt;"">N/A.</span> </p>
  </td>
 </tr>
 <tr>
  <td width=144 style=""width:86.65pt;border:solid #E5B8B7 1.0pt;border-top:none;padding:0cm 5.4pt 0cm 5.4pt;"">
  <p style=""margin:0cm 0cm 10pt;font-size:11pt;font-family:Calibri, sans-serif;margin-bottom:0cm;margin-bottom:.0001pt;""><b><span>Anexos</span></b> </p>
  </td>
  <td width=656 style=""width:393.5pt;border-top:none;border-left:none;border-bottom:solid #E5B8B7 1.0pt;border-right:solid #E5B8B7 1.0pt;padding:0cm 5.4pt 0cm 5.4pt;"">
  <p style=""margin:0cm 0cm 10pt;font-size:11pt;font-family:Calibri, sans-serif;margin-bottom:0cm;margin-bottom:.0001pt;""><span style=""font-size:10.0pt;"">N/A.</span> </p>
  <p style=""margin:0cm 0cm 10pt;font-size:11pt;font-family:Calibri, sans-serif;margin-bottom:0cm;margin-bottom:.0001pt;""><span style=""font-size:10.0pt;"">&nbsp;</span> </p>
  </td>
 </tr></tbody></table><br>",,
"Product Backlog Item","Removed","373","HU047 - Subir documentos requeridos para inscripcion",,,
"Product Backlog Item","New","374","HU048 - Rechazar un documento entregado",,,
"Product Backlog Item","New","375","HU049 - Aceptar un documento entregado",,,
"Product Backlog Item","New","184","HU050 - Agendar cita","<table width=640 style=""border-collapse:collapse;border:none;"">
 <tbody><tr>
  </tr></tbody></table><br><table width=800 style=""border-collapse:collapse;border:none;"">
 <tbody><tr>
  <td width=144 style=""width:86.65pt;border:solid #E5B8B7 1.0pt;border-bottom:solid #D99594 1.5pt;padding:0cm 5.4pt 0cm 5.4pt;"">
  <p style=""margin:0cm 0cm 10pt;font-size:11pt;font-family:Calibri, sans-serif;margin-bottom:0cm;margin-bottom:.0001pt;""><b><span>Yo Como</span></b><span></span> </p>
  </td>
  <td width=656 style=""width:393.5pt;border-top:solid #E5B8B7 1.0pt;border-left:none;border-bottom:solid #D99594 1.5pt;border-right:solid #E5B8B7 1.0pt;padding:0cm 5.4pt 0cm 5.4pt;"">
  <p style=""margin:0cm 0cm 10pt;font-size:11pt;font-family:Calibri, sans-serif;margin-bottom:0cm;margin-bottom:.0001pt;""><b><span style=""font-size:10.0pt;"">Padre, madre o Tutor/ Personal
  Administrativo</span></b><span style=""font-size:10.0pt;""></span> </p>
  <p style=""margin:0cm 0cm 10pt;font-size:11pt;font-family:Calibri, sans-serif;margin-bottom:0cm;margin-bottom:.0001pt;""><b><span style=""font-size:10.0pt;"">&nbsp;</span></b> </p>
  </td>
 </tr>
 <tr>
  <td width=144 style=""width:86.65pt;border:solid #E5B8B7 1.0pt;border-top:none;padding:0cm 5.4pt 0cm 5.4pt;"">
  <p style=""margin:0cm 0cm 10pt;font-size:11pt;font-family:Calibri, sans-serif;margin-bottom:0cm;margin-bottom:.0001pt;""><b><span>Quiero</span></b><span></span> </p>
  </td>
  <td width=656 style=""width:393.5pt;border-top:none;border-left:none;border-bottom:solid #E5B8B7 1.0pt;border-right:solid #E5B8B7 1.0pt;padding:0cm 5.4pt 0cm 5.4pt;"">
  <p style=""margin:0cm 0cm 10pt;font-size:11pt;font-family:Calibri, sans-serif;margin-bottom:0cm;margin-bottom:.0001pt;""><span style=""font-size:10.0pt;""><b>Agendar una cita para realizar trámites de inscripción.</b></span> </p>
  </td>
 </tr>
 <tr>
  <td width=144 style=""width:86.65pt;border:solid #E5B8B7 1.0pt;border-top:none;padding:0cm 5.4pt 0cm 5.4pt;"">
  <p style=""margin:0cm 0cm 10pt;font-size:11pt;font-family:Calibri, sans-serif;margin-bottom:0cm;margin-bottom:.0001pt;""><b><span>Para que</span></b><span></span> </p>
  </td>
  <td width=656 style=""width:393.5pt;border-top:none;border-left:none;border-bottom:solid #E5B8B7 1.0pt;border-right:solid #E5B8B7 1.0pt;padding:0cm 5.4pt 0cm 5.4pt;"">
  <p style=""margin:0cm 0cm 0.0001pt 36pt;font-size:11pt;font-family:Calibri, sans-serif;margin-bottom:0cm;margin-bottom:.0001pt;""><br> </p>
  <ul style=""margin-bottom:0cm;""><li>Pueda asistir a la institución en un horario establecido sin tener que esperar largas filas o tiempos de atención inciertos. <br> </li> </ul>
  
  
  </td>
 </tr>
 <tr>
  <td width=144 style=""width:86.65pt;border:solid #E5B8B7 1.0pt;border-top:none;padding:0cm 5.4pt 0cm 5.4pt;"">
  <p style=""margin:0cm 0cm 10pt;font-size:11pt;font-family:Calibri, sans-serif;margin-bottom:0cm;margin-bottom:.0001pt;""><b><span>Desarrollo
  de la Historia</span></b> </p>
  </td>
  <td width=656 style=""width:393.5pt;border-top:none;border-left:none;border-bottom:solid #E5B8B7 1.0pt;border-right:solid #E5B8B7 1.0pt;padding:0cm 5.4pt 0cm 5.4pt;"">
  <p style=""margin:0cm 0cm 10pt;font-size:11pt;font-family:Calibri, sans-serif;margin-bottom:0cm;margin-bottom:.0001pt;text-align:justify;""><b><span style=""font-size:10.0pt;"">Campos</span></b> </p>
  <p style=""margin:0cm 0cm 10pt;font-size:11pt;font-family:Calibri, sans-serif;margin-bottom:0cm;margin-bottom:.0001pt;text-align:justify;""><span style=""font-size:10.0pt;"">&nbsp;</span> </p>
  <ul style=""margin-bottom:0cm;""><li><li>Campo para seleccionar la fecha deseada. </li><li>Campo para seleccionar la hora. </li><li>Campo de confirmación de la cita. </li><br> </li> </ul>
  
  <p style=""margin:0cm 0cm 10pt 36pt;font-size:11pt;font-family:Calibri, sans-serif;margin-bottom:0cm;margin-bottom:.0001pt;text-align:justify;""><b><span style=""font-size:10.0pt;"">&nbsp;</span></b> </p>
  <p style=""margin:0cm 0cm 10pt;font-size:11pt;font-family:Calibri, sans-serif;margin-bottom:0cm;margin-bottom:.0001pt;text-align:justify;""><b><span style=""font-size:10.0pt;"">Botones</span></b> </p>
  <p style=""margin:0cm 0cm 10pt;font-size:11pt;font-family:Calibri, sans-serif;margin-bottom:0cm;margin-bottom:.0001pt;text-align:justify;""><b><span style=""font-size:10.0pt;"">&nbsp;</span></b> </p>
  <ul style=""margin-bottom:0cm;""><li><li>Botón para seleccionar la fecha del calendario. </li><li>Botón para confirmar y agendar la cita. </li><li>Botón para cancelar o modificar la cita. </li><br> </li> </ul>
  <p style=""margin:0cm 0cm 10pt;font-size:11pt;font-family:Calibri, sans-serif;margin-bottom:0cm;margin-bottom:.0001pt;text-align:justify;""><b><span style=""font-size:10.0pt;"">&nbsp;</span></b> </p>
  </td>
 </tr>
 <tr>
  <td width=144 style=""width:86.65pt;border:solid #E5B8B7 1.0pt;border-top:none;padding:0cm 5.4pt 0cm 5.4pt;"">
  <p style=""margin:0cm 0cm 10pt;font-size:11pt;font-family:Calibri, sans-serif;margin-bottom:0cm;margin-bottom:.0001pt;""><b><span>Criterios de Aceptación</span></b><span></span> </p>
  </td>
  <td width=656 style=""width:393.5pt;border-top:none;border-left:none;border-bottom:solid #E5B8B7 1.0pt;border-right:solid #E5B8B7 1.0pt;padding:0cm 5.4pt 0cm 5.4pt;"">
  <p style=""margin:0cm 0cm 10pt;font-size:11pt;font-family:Calibri, sans-serif;margin-bottom:0cm;margin-bottom:.0001pt;""><span style=""font-size:10.0pt;"">&nbsp;</span> </p>
  <ul style=""margin-bottom:0cm;""><li><li>El sistema permite elegir entre fechas y horas disponibles. </li><li>El usuario recibe una confirmación de la cita con los detalles por correo electrónico. </li><li>El sistema evita que se agenden citas en horarios ya ocupados. </li><li>El usuario puede cancelar o reprogramar la cita. </li><br> </li> </ul>
  
  
  
  
  </td>
 </tr>
 <tr>
  <td width=144 style=""width:86.65pt;border:solid #E5B8B7 1.0pt;border-top:none;padding:0cm 5.4pt 0cm 5.4pt;"">
  <p style=""margin:0cm 0cm 10pt;font-size:11pt;font-family:Calibri, sans-serif;margin-bottom:0cm;margin-bottom:.0001pt;""><b><span>Elementos conversación</span></b><span></span> </p>
  </td>
  <td width=656 style=""width:393.5pt;border-top:none;border-left:none;border-bottom:solid #E5B8B7 1.0pt;border-right:solid #E5B8B7 1.0pt;padding:0cm 5.4pt 0cm 5.4pt;"">
  <p style=""margin:0cm 0cm 10pt;font-size:11pt;font-family:Calibri, sans-serif;margin-bottom:0cm;margin-bottom:.0001pt;""><span style=""font-size:10.0pt;"">N/A.</span> </p>
  </td>
 </tr>
 <tr>
  <td width=144 style=""width:86.65pt;border:solid #E5B8B7 1.0pt;border-top:none;padding:0cm 5.4pt 0cm 5.4pt;"">
  <p style=""margin:0cm 0cm 10pt;font-size:11pt;font-family:Calibri, sans-serif;margin-bottom:0cm;margin-bottom:.0001pt;""><b><span>Anexos</span></b> </p>
  </td>
  <td width=656 style=""width:393.5pt;border-top:none;border-left:none;border-bottom:solid #E5B8B7 1.0pt;border-right:solid #E5B8B7 1.0pt;padding:0cm 5.4pt 0cm 5.4pt;"">
  <p style=""margin:0cm 0cm 10pt;font-size:11pt;font-family:Calibri, sans-serif;margin-bottom:0cm;margin-bottom:.0001pt;""><span style=""font-size:10.0pt;"">N/A.</span> </p>
  <p style=""margin:0cm 0cm 10pt;font-size:11pt;font-family:Calibri, sans-serif;margin-bottom:0cm;margin-bottom:.0001pt;""><span style=""font-size:10.0pt;"">&nbsp;</span> </p>
  </td>
 </tr></tbody></table><br>",,
"Product Backlog Item","New","376","HU051 - Cancelar cita",,,
"Product Backlog Item","New","377","HU052 - Listar citas agendadas",,,
"Product Backlog Item","New","378","HU053 - Aceptar una cita",,,
"Product Backlog Item","New","379","HU054 - Rechazar una cita",,,
"Product Backlog Item","New","380","HU055 - Notificar sobre cambios en el estado de una cita",,,
"Product Backlog Item","New","381","HU056 - Listar solicitudes de inscripcion",,,
"Product Backlog Item","New","382","HU057 - Rechazar una solicitud de inscripcion",,,
"Product Backlog Item","New","383","HU058 - Abandonar solicitud de inscripcion por inactividad",,,
"Product Backlog Item","New","384","HU059 - Aceptar una solicitud de inscripcion",,,
"Product Backlog Item","New","385","HU060 - Notificar de cambios de estatus de una solicitud de inscripcion",,,
"Product Backlog Item","New","386","HU061 - Mostrar calendario de una institucion",,,
"Product Backlog Item","New","208","HU062 - Recibir notificaciones por correo electronico","<table width=640 style=""border-collapse:collapse;border:none;"">
 <tbody><tr>
  </tr></tbody></table><table width=640 style=""border-collapse:collapse;border:none;""><tbody><tr><td width=116 style=""width:86.65pt;border:solid #E5B8B7 1.0pt;border-bottom:solid #D99594 1.5pt;padding:0cm 5.4pt 0cm 5.4pt;"">
  <p style=""margin:0cm 0cm 10pt;font-size:11pt;font-family:Calibri, sans-serif;margin-bottom:0cm;""><b><span>Yo
  Como</span></b><span></span> </p>
  </td>
  <td width=525 style=""width:393.5pt;border-top:solid #E5B8B7 1.0pt;border-left:none;border-bottom:solid #D99594 1.5pt;border-right:solid #E5B8B7 1.0pt;padding:0cm 5.4pt 0cm 5.4pt;"">
  <p style=""margin:0cm 0cm 10pt;font-size:11pt;font-family:Calibri, sans-serif;margin-bottom:0cm;""><b><span style=""font-size:10.0pt;"">Madre, padre o tutor de la persona que se va a inscribir en la
  institución seleccionada.</span></b> </p>
  </td>
 </tr>
 <tr>
  <td width=116 style=""width:86.65pt;border:solid #E5B8B7 1.0pt;border-top:none;padding:0cm 5.4pt 0cm 5.4pt;"">
  <p style=""margin:0cm 0cm 10pt;font-size:11pt;font-family:Calibri, sans-serif;margin-bottom:0cm;""><b><span>Quiero</span></b><span></span> </p>
  </td>
  <td width=525 style=""width:393.5pt;border-top:none;border-left:none;border-bottom:solid #E5B8B7 1.0pt;border-right:solid #E5B8B7 1.0pt;padding:0cm 5.4pt 0cm 5.4pt;"">
  <p style=""margin:0cm 0cm 10pt;font-size:11pt;font-family:Calibri, sans-serif;margin-bottom:0cm;""><span style=""font-size:10.0pt;"">Recibir notificaciones</span> </p>
  </td>
 </tr>
 <tr>
  <td width=116 style=""width:86.65pt;border:solid #E5B8B7 1.0pt;border-top:none;padding:0cm 5.4pt 0cm 5.4pt;"">
  <p style=""margin:0cm 0cm 10pt;font-size:11pt;font-family:Calibri, sans-serif;margin-bottom:0cm;""><b><span>Para
  que</span></b><span></span> </p>
  </td>
  <td width=525 style=""width:393.5pt;border-top:none;border-left:none;border-bottom:solid #E5B8B7 1.0pt;border-right:solid #E5B8B7 1.0pt;padding:0cm 5.4pt 0cm 5.4pt;"">
  <ul style=""margin-bottom:0cm;""><li><span style=""font-size:10.0pt;"">Para ver el estado de mi solicitud
  de inscripción.<b></b></span> </li><li><span style=""font-size:10.0pt;"">Para saber si hubo algún fallo con
  mis documentos adjuntados.<b></b></span> </li><li><span style=""font-size:10.0pt;"">Para estar
  atento sobre la confirmación de la cita y tenerla presente.</span><b></b> </li> </ul>
  
  
  </td>
 </tr>
 <tr>
  <td width=116 style=""width:86.65pt;border:solid #E5B8B7 1.0pt;border-top:none;padding:0cm 5.4pt 0cm 5.4pt;"">
  <p style=""margin:0cm 0cm 10pt;font-size:11pt;font-family:Calibri, sans-serif;margin-bottom:0cm;""><span>Desarrollo
  de la Historia</span> </p>
  </td>
  <td width=525 style=""width:393.5pt;border-top:none;border-left:none;border-bottom:solid #E5B8B7 1.0pt;border-right:solid #E5B8B7 1.0pt;padding:0cm 5.4pt 0cm 5.4pt;"">
  <p style=""margin:0cm 0cm 10pt;font-size:11pt;font-family:Calibri, sans-serif;margin-bottom:0cm;text-align:justify;""><b><i><span style=""font-size:10.0pt;"">Campos:</span></i></b> </p>
  <ul style=""margin-bottom:0cm;""><li><span style=""font-size:10.0pt;"">No hay campos como tal.</span> </li> </ul><div><br> </div>
  <p style=""margin:0cm 0cm 10pt;font-size:11pt;font-family:Calibri, sans-serif;margin-bottom:0cm;text-align:justify;""><b><i><span style=""font-size:10.0pt;"">Botones: </span></i></b> </p>
  <ul style=""margin-bottom:0cm;""><li><span style=""font-size:10.0pt;"">No hay botones.<b><i></i></b></span> </li> </ul><div><span style=""font-size:13.3333px;""><br></span> </div><div><span style=""font-size:13.3333px;""><p style=""box-sizing:border-box;margin:0cm;font-size:11pt;font-family:Calibri, sans-serif;text-align:justify;""><b style=""box-sizing:border-box;""><i style=""box-sizing:border-box;""><span style=""box-sizing:border-box;font-size:10pt;"">Enlaces:</span></i></b> </p><ul style=""box-sizing:border-box;padding:0px 0px 0px 40px;font-size:14px;margin-bottom:0cm;""><li style=""box-sizing:border-box;""><span style=""box-sizing:border-box;font-size:10pt;"">Enlace al correo de soporte de la organización (</span><span style=""box-sizing:border-box;font-size:10pt;color:rgb(81, 167, 249);""><u>soporte@inscolar.edu.do</u></span><span style=""box-sizing:border-box;font-size:10pt;"">).</span> </li> </ul></span> </div><div><span style=""font-size:13.3333px;""><br></span> </div>
  </td>
 </tr>
 <tr>
  <td width=116 style=""width:86.65pt;border:solid #E5B8B7 1.0pt;border-top:none;padding:0cm 5.4pt 0cm 5.4pt;"">
  <p style=""margin:0cm 0cm 10pt;font-size:11pt;font-family:Calibri, sans-serif;margin-bottom:0cm;""><br> </p> </td><td width=525 style=""width:393.5pt;border-top:none;border-left:none;border-bottom:solid #E5B8B7 1.0pt;border-right:solid #E5B8B7 1.0pt;padding:0cm 5.4pt 0cm 5.4pt;""><ul style=""margin-bottom:0cm;""> </ul>
  
  
  
  </td>
 </tr>
 <tr>
  <td width=116 style=""width:86.65pt;border:solid #E5B8B7 1.0pt;border-top:none;padding:0cm 5.4pt 0cm 5.4pt;"">
  <p style=""margin:0cm 0cm 10pt;font-size:11pt;font-family:Calibri, sans-serif;margin-bottom:0cm;""><b><span>Elementos
  conversación</span></b><span></span> </p>
  </td>
  <td width=525 style=""width:393.5pt;border-top:none;border-left:none;border-bottom:solid #E5B8B7 1.0pt;border-right:solid #E5B8B7 1.0pt;padding:0cm 5.4pt 0cm 5.4pt;"">
  <p style=""margin:0cm 0cm 10pt;font-size:11pt;font-family:Calibri, sans-serif;margin-bottom:0cm;""><span style=""font-size:10.0pt;"">No hay elementos de conversación.</span> </p>
  </td>
 </tr>
 <tr>
  <td width=116 style=""width:86.65pt;border:solid #E5B8B7 1.0pt;border-top:none;padding:0cm 5.4pt 0cm 5.4pt;"">
  <p style=""margin:0cm 0cm 10pt;font-size:11pt;font-family:Calibri, sans-serif;margin-bottom:0cm;""><span>Anexos</span> </p>
  </td>
  <td width=525 style=""width:393.5pt;border-top:none;border-left:none;border-bottom:solid #E5B8B7 1.0pt;border-right:solid #E5B8B7 1.0pt;padding:0cm 5.4pt 0cm 5.4pt;"">
  <p style=""margin:0cm 0cm 10pt;font-size:11pt;font-family:Calibri, sans-serif;margin-bottom:0cm;""><span style=""font-size:10.0pt;"">No hay anexos.</span> </p>
  <p style=""margin:0cm 0cm 10pt;font-size:11pt;font-family:Calibri, sans-serif;margin-bottom:0cm;""><span style=""font-size:10.0pt;"">&nbsp;</span> </p>
  </td>
 </tr></tbody></table><br>",,"<div><ul style=""box-sizing:border-box;padding:0px 0px 0px 40px;margin-bottom:0cm;""><li style=""box-sizing:border-box;""><span style=""box-sizing:border-box;font-size:10pt;"">Las notificaciones solo deben mostrar mensajes que tengan relación con el estado de la solicitud de inscripción.</span> </li><li style=""box-sizing:border-box;""><span style=""box-sizing:border-box;font-size:10pt;"">Las notificaciones solo deben mostrar mensajes que tengan relación con algún fallo o error en los archivos adjuntados para la inscripción.</span> </li><li style=""box-sizing:border-box;""><span style=""box-sizing:border-box;font-size:10pt;"">Las notificaciones solo deben mostrar mensajes que tengan relación con el mantenimiento de la página.</span> </li><li style=""box-sizing:border-box;""><span style=""box-sizing:border-box;font-size:10pt;"">Las notificaciones solo deben mostrar mensajes que tengan relación con la aceptación de los documentos por parte del liceo.</span> </li> </ul><br> </div>"
"Product Backlog Item","New","387","HU063 - Presentar notificaciones de cambio de estatus del proceso de inscripcion por la interfaz web","**Yo Como:** Usuario que ha iniciado un proceso de inscripción

**Quiero:** Ver notificaciones dentro de la interfaz web cuando cambie el estatus de mi proceso de inscripción

**Para que:** Pueda estar al tanto del progreso de mi solicitud sin tener que consultar constantemente.

**Desarrollo de la Historia:**

*Elementos visuales:*
- Ícono de notificaciones con contador de notificaciones no leídas, visible en todo momento.
- Lista desplegable con las notificaciones, mostrando el nuevo estatus del proceso (aceptada, rechazada, en revisión, documentos pendientes, etc.).

*Botones:*
- Marcar como leída.
- Ver detalle (redirige a la pantalla de la solicitud correspondiente).

**Elementos conversación:** No hay elementos de conversación.

**Anexos:** No hay anexos.",,"- El sistema debe generar una notificación visible en la interfaz web cada vez que cambie el estatus del proceso de inscripción.
- La notificación debe indicar claramente el nuevo estatus (aceptada, rechazada, pendiente de documentos, etc.).
- El usuario debe poder marcar la notificación como leída.
- Al hacer clic en la notificación, debe redirigir a la pantalla con el detalle de la solicitud."
"Product Backlog Item","New","388","HU064 - Presentar notificaciones de cambios en el estado de una cita por la interfaz web","**Yo Como:** Usuario con una cita agendada en el sistema

**Quiero:** Ver notificaciones dentro de la interfaz web cuando cambie el estado de mi cita

**Para que:** Pueda enterarme si mi cita fue aceptada, rechazada o reprogramada sin tener que revisarlo manualmente.

**Desarrollo de la Historia:**

*Elementos visuales:*
- Ícono de notificaciones con contador de notificaciones no leídas, visible en todo momento.
- Lista desplegable con las notificaciones, mostrando el nuevo estado de la cita (aceptada, rechazada, reprogramada).

*Botones:*
- Marcar como leída.
- Ver detalle (redirige a la pantalla con el detalle de la cita).

**Elementos conversación:** No hay elementos de conversación.

**Anexos:** No hay anexos.",,"- El sistema debe generar una notificación visible en la interfaz web cada vez que cambie el estado de una cita agendada.
- La notificación debe indicar claramente el nuevo estado de la cita (aceptada, rechazada, reprogramada).
- El usuario debe poder marcar la notificación como leída.
- Al hacer clic en la notificación, debe redirigir al detalle de la cita."
"Product Backlog Item","New","176","HU065 - Mostrar menú de configuración","<div><table width=640 style=""border-collapse:collapse;border:none;"">
 <tbody><tr>
  </tr></tbody></table><table width=640 style=""border-collapse:collapse;border:none;""><tbody><tr><td width=116 style=""width:86.65pt;border:solid #E5B8B7 1.0pt;border-bottom:solid #D99594 1.5pt;padding:0cm 5.4pt 0cm 5.4pt;"">
  <p style=""margin:0cm 0cm 10pt;font-size:11pt;font-family:Calibri, sans-serif;margin-bottom:0cm;""><b><span>Yo
  Como</span></b><span></span> </p>
  </td>
  <td width=525 style=""width:393.5pt;border-top:solid #E5B8B7 1.0pt;border-left:none;border-bottom:solid #D99594 1.5pt;border-right:solid #E5B8B7 1.0pt;padding:0cm 5.4pt 0cm 5.4pt;"">
  <p style=""margin:0cm 0cm 10pt;font-size:11pt;font-family:Calibri, sans-serif;margin-bottom:0cm;""><b><span style=""font-size:10.0pt;"">Administrador del sistema, personal de la institución educativa o tutor del aspirante a inscripción.</span></b> </p>
  <p style=""margin:0cm 0cm 10pt;font-size:11pt;font-family:Calibri, sans-serif;margin-bottom:0cm;""><b><span style=""font-size:10.0pt;"">&nbsp;</span></b> </p>
  </td>
 </tr>
 <tr>
  <td width=116 style=""width:86.65pt;border:solid #E5B8B7 1.0pt;border-top:none;padding:0cm 5.4pt 0cm 5.4pt;"">
  <p style=""margin:0cm 0cm 10pt;font-size:11pt;font-family:Calibri, sans-serif;margin-bottom:0cm;""><b><span>Quiero</span></b><span></span> </p>
  </td>
  <td width=525 style=""width:393.5pt;border-top:none;border-left:none;border-bottom:solid #E5B8B7 1.0pt;border-right:solid #E5B8B7 1.0pt;padding:0cm 5.4pt 0cm 5.4pt;"">
  <p style=""margin:0cm 0cm 10pt;font-size:11pt;font-family:Calibri, sans-serif;margin-bottom:0cm;""><span style=""font-size:10.0pt;"">Acceder al menú de configuración del sistema.</span> </p>
  </td>
 </tr>
 <tr>
  <td width=116 style=""width:86.65pt;border:solid #E5B8B7 1.0pt;border-top:none;padding:0cm 5.4pt 0cm 5.4pt;"">
  <p style=""margin:0cm 0cm 10pt;font-size:11pt;font-family:Calibri, sans-serif;margin-bottom:0cm;""><b><span>Para
  que</span></b><span></span> </p>
  </td>
  <td width=525 style=""width:393.5pt;border-top:none;border-left:none;border-bottom:solid #E5B8B7 1.0pt;border-right:solid #E5B8B7 1.0pt;padding:0cm 5.4pt 0cm 5.4pt;""><span style=""font-size:10.0pt;"">Para ver las opciones disponibles</span> </td>
 </tr>
 <tr>
  <td width=116 style=""width:86.65pt;border:solid #E5B8B7 1.0pt;border-top:none;padding:0cm 5.4pt 0cm 5.4pt;"">
  <p style=""margin:0cm 0cm 10pt;font-size:11pt;font-family:Calibri, sans-serif;margin-bottom:0cm;""><span>Desarrollo
  de la Historia</span> </p>
  </td>
  <td width=525 style=""width:393.5pt;border-top:none;border-left:none;border-bottom:solid #E5B8B7 1.0pt;border-right:solid #E5B8B7 1.0pt;padding:0cm 5.4pt 0cm 5.4pt;"">
  <p style=""margin:0cm 0cm 10pt;font-size:11pt;font-family:Calibri, sans-serif;margin-bottom:0cm;text-align:justify;""><b><i><span style=""font-size:10.0pt;"">Campos:</span></i></b> </p>
  <ul style=""margin-bottom:0cm;""><li><span style=""font-size:10.0pt;"">No hay campos.</span> </li> </ul><div><br> </div>
  <p style=""margin:0cm 0cm 10pt;font-size:11pt;font-family:Calibri, sans-serif;margin-bottom:0cm;text-align:justify;""><b><i><span style=""font-size:10.0pt;"">Botones:</span></i></b> </p>
  <ul style=""margin-bottom:0cm;""><li><span style=""font-size:10.0pt;"">Botón de configuración visible en la interfaz del usuario,&nbsp;al pulsarse abrirá un cuadro emergente que
  contendrá los siguientes botones:</span> </li><ul style=""margin-bottom:0cm;""><li><span style=""font-size:10.0pt;"">Cerrar sesión<b><i></i></b></span> </li><li><span style=""font-size:10.0pt;"">Cambiar contraseña<b><i></i></b></span> </li><li><span style=""font-size:10.0pt;"">Cambiar correo electrónico</span> </li><li><span style=""font-size:10.0pt;"">Manual de instrucciones</span> </li> </ul> </ul>
  
  
  
  
  <p style=""margin:0cm 0cm 10pt;font-size:11pt;font-family:Calibri, sans-serif;margin-bottom:0cm;text-align:justify;""><b><i><span style=""font-size:10.0pt;"">&nbsp;</span></i></b> </p>
  </td>
 </tr>
 <tr>
  <td width=116 style=""width:86.65pt;border:solid #E5B8B7 1.0pt;border-top:none;padding:0cm 5.4pt 0cm 5.4pt;"">
  <p style=""margin:0cm 0cm 10pt;font-size:11pt;font-family:Calibri, sans-serif;margin-bottom:0cm;""><b><span>Criterios
  de Aceptación</span></b><span></span> </p>
  </td>
  <td width=525 style=""width:393.5pt;border-top:none;border-left:none;border-bottom:solid #E5B8B7 1.0pt;border-right:solid #E5B8B7 1.0pt;padding:0cm 5.4pt 0cm 5.4pt;"">
  <ul style=""margin-bottom:0cm;""><li><span style=""font-size:10.0pt;"">Al presionar o seleccionar el botón, se debe abrir un cuadro emergente con las opciones del menú de configuración.</span> </li><li><span style=""font-size:10.0pt;"">El cuadro emergente deberá mostrarse completamente visible y accesible para el usuario.<br></span> </li><li>El menu de configuraciones debe contener las siguientes opciones: </li> </ul><ul style=""margin-bottom:0cm;""><ul><li><span style=""font-size:10.0pt;"">Cerrar sesión</span> </li><li><span style=""font-size:10.0pt;"">Cambiar contraseña</span> </li><li><span style=""font-size:10.0pt;"">Cambiar correo electrónico</span> </li><li><span style=""font-size:10.0pt;"">Manual de instrucciones</span> </li> </ul><li><span style=""font-size:10.0pt;"">El sistema deberá en máximo 0.5s
  abrir el menú de configuración una vez es pulsado o seleccionado.</span> </li><li>Si el usuario selecciona una de las opciones, sera redireccionado a la funcionalidad correspondiente. </li><li>Si el usuario hace click, enfoca o selecciona alguna area fuera del cuadro emergente, pero dentro de la pagina web, el mismo se cerrara. </li> </ul>
  
  
  </td>
 </tr>
 <tr>
  <td width=116 style=""width:86.65pt;border:solid #E5B8B7 1.0pt;border-top:none;padding:0cm 5.4pt 0cm 5.4pt;"">
  <p style=""margin:0cm 0cm 10pt;font-size:11pt;font-family:Calibri, sans-serif;margin-bottom:0cm;""><b><span>Elementos
  conversación</span></b><span></span> </p>
  </td>
  <td width=525 style=""width:393.5pt;border-top:none;border-left:none;border-bottom:solid #E5B8B7 1.0pt;border-right:solid #E5B8B7 1.0pt;padding:0cm 5.4pt 0cm 5.4pt;"">
  <p style=""margin:0cm 0cm 10pt;font-size:11pt;font-family:Calibri, sans-serif;margin-bottom:0cm;""><span style=""font-size:10.0pt;"">No aplican elementos de conversación por el
  momento.</span> </p>
  </td>
 </tr>
 <tr>
  <td width=116 style=""width:86.65pt;border:solid #E5B8B7 1.0pt;border-top:none;padding:0cm 5.4pt 0cm 5.4pt;"">
  <p style=""margin:0cm 0cm 10pt;font-size:11pt;font-family:Calibri, sans-serif;margin-bottom:0cm;""><span>Anexos</span> </p>
  </td>
  <td width=525 style=""width:393.5pt;border-top:none;border-left:none;border-bottom:solid #E5B8B7 1.0pt;border-right:solid #E5B8B7 1.0pt;padding:0cm 5.4pt 0cm 5.4pt;"">
  <p style=""margin:0cm 0cm 10pt;font-size:11pt;font-family:Calibri, sans-serif;margin-bottom:0cm;""><span style=""font-size:10.0pt;"">No incluye anexos.</span> </p>
  <p style=""margin:0cm 0cm 10pt;font-size:11pt;font-family:Calibri, sans-serif;margin-bottom:0cm;""><span style=""font-size:10.0pt;"">&nbsp;</span> </p>
  </td>
 </tr></tbody></table><br> </div>",,"<div><ul style=""margin-bottom:0cm;""><li><span style=""font-size:10.0pt;"">Al presionar o seleccionar el botón, se debe abrir un cuadro emergente con las opciones del menú de configuración.</span> </li><li><span style=""font-size:10.0pt;"">El cuadro emergente deberá mostrarse completamente visible y accesible para el usuario.<br></span> </li><li>El menu de configuraciones debe contener las siguientes opciones: </li><ul><li><span style=""font-size:10.0pt;"">Cerrar sesión</span> </li><li><span style=""font-size:10.0pt;"">Cambiar contraseña</span> </li><li><span style=""font-size:10.0pt;"">Cambiar correo electrónico</span> </li><li><span style=""font-size:10.0pt;"">Manual de instrucciones</span> </li> </ul><li><span style=""font-size:10.0pt;"">El sistema deberá en máximo 0.5s
  abrir el menú de configuración una vez es pulsado o seleccionado.</span> </li><li>Si el usuario selecciona una de las opciones, sera redireccionado a la funcionalidad correspondiente. </li><li>Si
 el usuario hace click, enfoca o selecciona alguna area fuera del cuadro
 emergente, pero dentro de la pagina web, el mismo se cerrara. </li><ul> </ul> </ul><br> </div>"
"Product Backlog Item","New","389","HU066 - Configurar preferencias para notificaciones por correo","**Yo Como:** Usuario registrado en el sistema

**Quiero:** Configurar qué tipo de notificaciones deseo recibir por correo electrónico

**Para que:** Pueda personalizar la comunicación que recibo y evitar correos que no me interesan.

**Desarrollo de la Historia:**

*Elementos visuales:*
- Pantalla de configuración con la lista de tipos de notificación disponibles (cambios de estatus de inscripción, cambios de estado de citas, recordatorios, etc.).
- Cada tipo de notificación cuenta con un interruptor (activado/desactivado).

*Botones:*
- Guardar cambios.

**Elementos conversación:** No hay elementos de conversación.

**Anexos:** No hay anexos.",,"- El sistema debe mostrar una lista de los tipos de notificación disponibles por correo electrónico.
- El usuario debe poder activar o desactivar cada tipo de notificación de forma independiente.
- Al guardar, el sistema debe aplicar la nueva configuración para los envíos futuros.
- La configuración debe persistir entre sesiones del usuario."
"Product Backlog Item","New","392","HU067 - Mostrar dashboard de analiticas","Yo Como: Usuario con acceso al dashboard del sistema (administrador, soporte, auditoría)

Quiero: Ver un panel general de analíticas que agrupe todas las secciones e indicadores del sistema

Para que: Pueda tener una vista consolidada del estado y desempeño general de la plataforma sin tener que navegar a cada módulo por separado

Desarrollo de la Historia:

Elementos visuales:

Pantalla dedicada &quot;Panel de Analíticas&quot; dentro de la navegación principal del sistema.

Organiza las tarjetas de indicadores y gráficos en secciones: Analíticas de usuarios (HU068), Analíticas de instituciones, Analíticas de solicitudes de inscripción (HU080), Analíticas de documentos, Analíticas de citas y Analíticas de comunicaciones.

Mismo estilo visual (sidebar + contenido) que el resto del sistema.

Botones:

Opción de actualizar/refrescar el dashboard manualmente, además de la actualización automática de cada tarjeta.",,"El panel debe mostrarse como una pantalla dedicada dentro de la navegación principal.
Debe agrupar todas las secciones de analíticas del sistema (usuarios, instituciones, solicitudes de inscripción, documentos, citas, comunicaciones).
Solo debe ser accesible para roles con permiso de ver analíticas (administrador, soporte, auditoría).
El estilo visual debe ser consistente con el resto del sistema."
"Product Backlog Item","New","393","HU068 - Mostrar analiticas de usuarios","Yo Como: Usuario con acceso al dashboard del sistema

Quiero: Ver una sección de analíticas dedicada a usuarios dentro del dashboard, que agrupe los indicadores y gráficos relacionados con los usuarios registrados

Para que: Pueda consultar en un solo lugar toda la información analítica referente a los usuarios del sistema.

Desarrollo de la Historia:

Elementos visuales:

Sección diferenciada dentro del dashboard, con un título identificando &quot;Analíticas de usuarios&quot;.

Contiene las tarjetas de indicadores y gráficos relacionados con usuarios (HU069 - usuarios por rol, HU070 - usuarios por año).

Mismo estilo visual que las demás secciones de analíticas del dashboard.

Botones:

No incluye botones propios; las tarjetas dentro de la sección se actualizan junto con el resto del dashboard.",,"La sección debe mostrarse dentro del dashboard, claramente diferenciada de las demás.
La sección debe agrupar todas las tarjetas de indicadores y gráficos relacionados con usuarios (HU069, HU070).
El estilo visual debe ser consistente con el resto del dashboard."
"Product Backlog Item","New","394","HU069 - Mostrar grafico de cantidad de usuarios registrados por rol","**Yo Como**  

  

Usuario con acceso al dashboard del sistema  

  

**Quiero**  

  

Ver un gráfico con la cantidad de usuarios registrados por rol, como una tarjeta más dentro del dashboard, junto a los demás indicadores  

  

**Para que**  

  

Pueda visualizar de un vistazo cómo se distribuyen los usuarios por rol sin salir del dashboard principal.  

  

**Desarrollo de la Historia**  

  

*Elementos visuales:*  

- Tarjeta (widget) ubicada junto a los demás indicadores del dashboard.  

- Gráfico (de barras o circular) dentro de la tarjeta, mostrando la cantidad de usuarios por cada rol existente (Tutor, Administrador, Personal de Institución, etc.).  

- Etiqueta pequeña con el total general de usuarios, visible dentro de la misma tarjeta.  

- Leyenda breve identificando cada rol con su color en el gráfico.  

  

*Botones:*  

- No incluye botones propios; la tarjeta se actualiza junto con el resto del dashboard.  

  

**Elementos conversación**  

  

No hay elementos de conversación.  

  

**Anexos**  

  

No hay anexos.",,"- La tarjeta debe mostrarse dentro del dashboard, con el mismo estilo visual que los demás indicadores.  

- El gráfico debe reflejar la cantidad de usuarios registrados por cada rol.  

- El total general de usuarios debe mostrarse dentro de la misma tarjeta.  

- Los datos del gráfico deben actualizarse cada vez que se actualice el dashboard."
"Product Backlog Item","Removed","152","HU07 - Recibir notificaciones (web)","<div><table width=640 style=""border-collapse:collapse;border:none;"">
 <tbody><tr style="""">
  <td width=116 style=""width:86.65pt;border:solid #E5B8B7 1.0pt;border-bottom:solid #D99594 1.5pt;padding:0cm 5.4pt 0cm 5.4pt;"">
  <p style=""margin:0cm 0cm 10pt;font-size:11pt;font-family:Calibri, sans-serif;margin-bottom:0cm;""><b><span style="""">Yo
  Como</span></b><span style=""""></span> </p>
  </td>
  <td width=525 style=""width:393.5pt;border-top:solid #E5B8B7 1.0pt;border-left:none;border-bottom:solid #D99594 1.5pt;border-right:solid #E5B8B7 1.0pt;padding:0cm 5.4pt 0cm 5.4pt;"">
  <p style=""margin:0cm 0cm 10pt;font-size:11pt;font-family:Calibri, sans-serif;margin-bottom:0cm;""><b><span style=""font-size:10.0pt;"">Madre, padre o tutor de la persona que se va a inscribir en la
  institución seleccionada.</span></b> </p>
  </td>
 </tr>
 <tr style="""">
  <td width=116 style=""width:86.65pt;border:solid #E5B8B7 1.0pt;border-top:none;padding:0cm 5.4pt 0cm 5.4pt;"">
  <p style=""margin:0cm 0cm 10pt;font-size:11pt;font-family:Calibri, sans-serif;margin-bottom:0cm;""><b><span style="""">Quiero</span></b><span style=""""></span> </p>
  </td>
  <td width=525 style=""width:393.5pt;border-top:none;border-left:none;border-bottom:solid #E5B8B7 1.0pt;border-right:solid #E5B8B7 1.0pt;padding:0cm 5.4pt 0cm 5.4pt;"">
  <p style=""margin:0cm 0cm 10pt;font-size:11pt;font-family:Calibri, sans-serif;margin-bottom:0cm;""><span style=""font-size:10.0pt;"">Recibir notificaciones</span> </p>
  </td>
 </tr>
 <tr style="""">
  <td width=116 style=""width:86.65pt;border:solid #E5B8B7 1.0pt;border-top:none;padding:0cm 5.4pt 0cm 5.4pt;"">
  <p style=""margin:0cm 0cm 10pt;font-size:11pt;font-family:Calibri, sans-serif;margin-bottom:0cm;""><b><span style="""">Para
  que</span></b><span style=""""></span> </p>
  </td>
  <td width=525 style=""width:393.5pt;border-top:none;border-left:none;border-bottom:solid #E5B8B7 1.0pt;border-right:solid #E5B8B7 1.0pt;padding:0cm 5.4pt 0cm 5.4pt;"">
  <ul style=""margin-bottom:0cm;""><li><span style=""font-size:10.0pt;"">Para ver el estado de mi solicitud
  de inscripción.<b></b></span> </li><li><span style=""font-size:10.0pt;"">Para saber si hubo algún fallo con
  mis documentos adjuntados.<b></b></span> </li><li><span style=""font-size:10.0pt;"">Para estar
  atento sobre la confirmación de la cita y tenerla presente.</span><b></b> </li> </ul>
  
  
  </td>
 </tr>
 <tr style="""">
  <td width=116 style=""width:86.65pt;border:solid #E5B8B7 1.0pt;border-top:none;padding:0cm 5.4pt 0cm 5.4pt;"">
  <p style=""margin:0cm 0cm 10pt;font-size:11pt;font-family:Calibri, sans-serif;margin-bottom:0cm;""><span style="""">Desarrollo
  de la Historia</span> </p>
  </td>
  <td width=525 style=""width:393.5pt;border-top:none;border-left:none;border-bottom:solid #E5B8B7 1.0pt;border-right:solid #E5B8B7 1.0pt;padding:0cm 5.4pt 0cm 5.4pt;"">
  <p style=""margin:0cm 0cm 10pt;font-size:11pt;font-family:Calibri, sans-serif;margin-bottom:0cm;text-align:justify;""><b><i><span style=""font-size:10.0pt;"">Campos:</span></i></b> </p>
  <ul style=""margin-bottom:0cm;""><li><span style=""font-size:10.0pt;"">No hay campos como tal.<b><i></i></b></span> </li> </ul>
  <p style=""margin:0cm 0cm 10pt;font-size:11pt;font-family:Calibri, sans-serif;margin-bottom:0cm;text-align:justify;""><b><i><span style=""font-size:10.0pt;"">Botones: </span></i></b> </p>
  <ul style=""margin-bottom:0cm;""><li><span style=""font-size:10.0pt;"">Botón con ícono de una campana (ubicado
  en la parte superior derecha). Al cliquearlo se abrirá un cuadro emergente que
  contará con las notificaciones.<b><i></i></b></span> </li> </ul>
  </td>
 </tr>
 <tr style="""">
  <td width=116 style=""width:86.65pt;border:solid #E5B8B7 1.0pt;border-top:none;padding:0cm 5.4pt 0cm 5.4pt;"">
  <p style=""margin:0cm 0cm 10pt;font-size:11pt;font-family:Calibri, sans-serif;margin-bottom:0cm;""><b><span style="""">Criterios
  de Aceptación</span></b><span style=""""></span> </p>
  </td>
  <td width=525 style=""width:393.5pt;border-top:none;border-left:none;border-bottom:solid #E5B8B7 1.0pt;border-right:solid #E5B8B7 1.0pt;padding:0cm 5.4pt 0cm 5.4pt;"">
  <ul style=""margin-bottom:0cm;""><li><span style=""font-size:10.0pt;"">Las notificaciones solo deben
  mostrar mensajes que tengan relación con el estado de la solicitud de
  inscripción.</span> </li><li><span style=""font-size:10.0pt;"">Las notificaciones solo deben
  mostrar mensajes que tengan relación con algún fallo o error en los archivos
  adjuntados para la inscripción.</span> </li><li><span style=""font-size:10.0pt;"">Las notificaciones solo deben
  mostrar mensajes que tengan relación con el mantenimiento de la página.</span> </li><li><span style=""font-size:10.0pt;"">Las notificaciones solo deben
  mostrar mensajes que tengan relación con la aceptación de los documentos por
  parte del liceo.</span> </li> </ul>
  
  
  
  </td>
 </tr>
 <tr style="""">
  <td width=116 style=""width:86.65pt;border:solid #E5B8B7 1.0pt;border-top:none;padding:0cm 5.4pt 0cm 5.4pt;"">
  <p style=""margin:0cm 0cm 10pt;font-size:11pt;font-family:Calibri, sans-serif;margin-bottom:0cm;""><b><span style="""">Elementos
  conversación</span></b><span style=""""></span> </p>
  </td>
  <td width=525 style=""width:393.5pt;border-top:none;border-left:none;border-bottom:solid #E5B8B7 1.0pt;border-right:solid #E5B8B7 1.0pt;padding:0cm 5.4pt 0cm 5.4pt;"">
  <p style=""margin:0cm 0cm 10pt;font-size:11pt;font-family:Calibri, sans-serif;margin-bottom:0cm;""><span style=""font-size:10.0pt;"">No hay elementos de conversación.</span> </p>
  </td>
 </tr>
 <tr style="""">
  <td width=116 style=""width:86.65pt;border:solid #E5B8B7 1.0pt;border-top:none;padding:0cm 5.4pt 0cm 5.4pt;"">
  <p style=""margin:0cm 0cm 10pt;font-size:11pt;font-family:Calibri, sans-serif;margin-bottom:0cm;""><span style="""">Anexos</span> </p>
  </td>
  <td width=525 style=""width:393.5pt;border-top:none;border-left:none;border-bottom:solid #E5B8B7 1.0pt;border-right:solid #E5B8B7 1.0pt;padding:0cm 5.4pt 0cm 5.4pt;"">
  <p style=""margin:0cm 0cm 10pt;font-size:11pt;font-family:Calibri, sans-serif;margin-bottom:0cm;""><span style=""font-size:10.0pt;"">No hay anexos.</span> </p>
  <p style=""margin:0cm 0cm 10pt;font-size:11pt;font-family:Calibri, sans-serif;margin-bottom:0cm;""><span style=""font-size:10.0pt;"">&nbsp;</span> </p>
  </td>
 </tr></tbody></table><br> </div>",,"<div><ul style=""box-sizing:border-box;padding:0px 0px 0px 40px;margin-bottom:0cm;""><li style=""box-sizing:border-box;""><span style=""box-sizing:border-box;font-size:10pt;"">Las notificaciones solo deben mostrar mensajes que tengan relación con el estado de la solicitud de inscripción.</span> </li><li style=""box-sizing:border-box;""><span style=""box-sizing:border-box;font-size:10pt;"">Las notificaciones solo deben mostrar mensajes que tengan relación con algún fallo o error en los archivos adjuntados para la inscripción.</span> </li><li style=""box-sizing:border-box;""><span style=""box-sizing:border-box;font-size:10pt;"">Las notificaciones solo deben mostrar mensajes que tengan relación con el mantenimiento de la página.</span> </li><li style=""box-sizing:border-box;""><span style=""box-sizing:border-box;font-size:10pt;"">Las notificaciones solo deben mostrar mensajes que tengan relación con la aceptación de los documentos por parte del liceo.</span> </li> </ul><br> </div>"
"Product Backlog Item","New","395","HU070 - Mostrar gráfico de usuarios registrados por año","**Yo Como:** Usuario con acceso al dashboard del sistema  

  

**Quiero:** Ver un gráfico con la cantidad de usuarios registrados por año, como una tarjeta más dentro del dashboard, junto a los demás indicadores  

  

**Para que:** Pueda visualizar de un vistazo cómo ha crecido la cantidad de usuarios registrados a lo largo del tiempo, sin salir del dashboard principal.  

  

**Desarrollo de la Historia:**  

  

*Elementos visuales:*  

- Tarjeta (widget) ubicada junto a los demás indicadores del dashboard.  

- Gráfico (de líneas o barras) dentro de la tarjeta, mostrando la cantidad de usuarios registrados agrupados por año.  

- Etiqueta pequeña con el total general de usuarios, visible dentro de la misma tarjeta.  

- Eje horizontal con los años disponibles y eje vertical con la cantidad de usuarios.  

  

*Botones:*  

- No incluye botones propios; la tarjeta se actualiza junto con el resto del dashboard.  

  

**Elementos conversación:** No hay elementos de conversación.  

  

**Anexos:** No hay anexos.",,"- La tarjeta debe mostrarse dentro del dashboard, con el mismo estilo visual que los demás indicadores.  

- El gráfico debe reflejar la cantidad de usuarios registrados agrupados por año.  

- El total general de usuarios debe mostrarse dentro de la misma tarjeta.  

- Los datos del gráfico deben actualizarse cada vez que se actualice el dashboard."
"Product Backlog Item","New","396","HU071 - Mostrar indicador de tasa de recuperación de contraseña","**Yo Como:** Usuario con acceso al dashboard del sistema  

  

**Quiero:** Ver un indicador con la tasa de recuperación de contraseña, como una tarjeta más dentro del dashboard, junto a los demás indicadores  

  

**Para que:** Pueda monitorear qué porcentaje de usuarios necesita recuperar su contraseña y detectar posibles problemas de usabilidad en el inicio de sesión.  

  

**Desarrollo de la Historia:**  

  

*Elementos visuales:*  

- Tarjeta (widget) ubicada junto a los demás indicadores del dashboard.  

- Número o porcentaje grande dentro de la tarjeta, representando la tasa de recuperación de contraseña.  

- Etiqueta descriptiva debajo del número indicando a qué corresponde el indicador.  

  

*Botones:*  

- No incluye botones propios; la tarjeta se actualiza junto con el resto del dashboard.  

  

**Elementos conversación:** No hay elementos de conversación.  

  

**Anexos:** No hay anexos.",,"- La tarjeta debe mostrar el porcentaje de solicitudes de recuperación de contraseña completadas exitosamente.  

- El indicador debe mostrarse dentro del dashboard, con el mismo estilo visual que los demás indicadores.  

- El valor del indicador debe actualizarse cada vez que se actualice el dashboard."
"Product Backlog Item","New","397","HU072 - Mostrar gráfico de distribución geográfica de usuarios","**Yo Como:** Usuario con acceso al dashboard del sistema  

  

**Quiero:** Ver un gráfico con la distribución geográfica de los usuarios registrados, como una tarjeta más dentro del dashboard, junto a los demás indicadores  

  

**Para que:** Pueda identificar en qué provincias hay mayor o menor concentración de usuarios registrados en el sistema.  

  

**Desarrollo de la Historia:**  

  

*Elementos visuales:*  

- Tarjeta (widget) ubicada junto a los demás indicadores del dashboard.  

- Gráfico (mapa o barras) dentro de la tarjeta, mostrando la cantidad de usuarios agrupados por provincia.  

- Etiqueta pequeña con el total general de usuarios, visible dentro de la misma tarjeta.  

- Leyenda breve identificando cada provincia representada en el gráfico.  

  

*Botones:*  

- No incluye botones propios; la tarjeta se actualiza junto con el resto del dashboard.  

  

**Elementos conversación:** No hay elementos de conversación.  

  

**Anexos:** No hay anexos.",,"- La tarjeta debe mostrarse dentro del dashboard, con el mismo estilo visual que los demás indicadores.  

- El gráfico debe reflejar la cantidad de usuarios registrados agrupados por provincia.  

- El total general de usuarios debe mostrarse dentro de la misma tarjeta.  

- Los datos del gráfico deben actualizarse cada vez que se actualice el dashboard."
"Product Backlog Item","New","398","HU073 - Mostrar analíticas de instituciones",,,
"Product Backlog Item","New","399","HU074 - Mostrar indicador de cantidad de instituciones","**Yo Como:** Usuario con acceso al dashboard del sistema

**Quiero:** Ver un indicador con la cantidad total de instituciones registradas en el sistema, como una tarjeta más dentro del dashboard, junto a los demás indicadores

**Para que:** Pueda conocer de un vistazo cuántas instituciones están participando en el sistema.

**Desarrollo de la Historia:**

*Elementos visuales:*
- Tarjeta (widget) ubicada junto a los demás indicadores del dashboard.
- Número grande dentro de la tarjeta, representando la cantidad total de instituciones registradas.
- Etiqueta descriptiva debajo del número indicando a qué corresponde el indicador.

*Botones:*
- No incluye botones propios; la tarjeta se actualiza junto con el resto del dashboard.

**Elementos conversación:** No hay elementos de conversación.

**Anexos:** No hay anexos.",,"- La tarjeta debe mostrar la cantidad total de instituciones registradas en el sistema.
- El indicador debe mostrarse dentro del dashboard, con el mismo estilo visual que los demás indicadores.
- El valor del indicador debe actualizarse cada vez que se actualice el dashboard."
"Product Backlog Item","New","400","HU075 - Mostrar gráfico de instituciones por provincia","**Yo Como:** Usuario con acceso al dashboard del sistema

**Quiero:** Ver un gráfico con la distribución geográfica de las instituciones registradas, como una tarjeta más dentro del dashboard, junto a los demás indicadores

**Para que:** Pueda identificar en qué provincias hay mayor o menor concentración de instituciones participando en el sistema.

**Desarrollo de la Historia:**

*Elementos visuales:*
- Tarjeta (widget) ubicada junto a los demás indicadores del dashboard.
- Gráfico (mapa o barras) dentro de la tarjeta, mostrando la cantidad de instituciones agrupadas por provincia.
- Etiqueta pequeña con el total general de instituciones, visible dentro de la misma tarjeta.
- Leyenda breve identificando cada provincia representada en el gráfico.

*Botones:*
- No incluye botones propios; la tarjeta se actualiza junto con el resto del dashboard.

**Elementos conversación:** No hay elementos de conversación.

**Anexos:** No hay anexos.",,"- La tarjeta debe mostrarse dentro del dashboard, con el mismo estilo visual que los demás indicadores.
- El gráfico debe reflejar la cantidad de instituciones registradas agrupadas por provincia.
- El total general de instituciones debe mostrarse dentro de la misma tarjeta.
- Los datos del gráfico deben actualizarse cada vez que se actualice el dashboard."
"Product Backlog Item","New","401","HU076 - Mostrar indicador de promedio de calificación de instituciones","**Yo Como:** Usuario con acceso al dashboard del sistema

**Quiero:** Ver un indicador con el promedio general de calificación de las instituciones, como una tarjeta más dentro del dashboard, junto a los demás indicadores

**Para que:** Pueda conocer de un vistazo cómo están siendo calificadas las instituciones en general dentro del sistema.

**Desarrollo de la Historia:**

*Elementos visuales:*
- Tarjeta (widget) ubicada junto a los demás indicadores del dashboard.
- Número (o valor con decimales) grande dentro de la tarjeta, representando el promedio general de calificación de las instituciones.
- Etiqueta descriptiva debajo del número indicando a qué corresponde el indicador.

*Botones:*
- No incluye botones propios; la tarjeta se actualiza junto con el resto del dashboard.

**Elementos conversación:** No hay elementos de conversación.

**Anexos:** No hay anexos.",,"- La tarjeta debe mostrar el promedio general de calificación de todas las instituciones registradas.
- El indicador debe mostrarse dentro del dashboard, con el mismo estilo visual que los demás indicadores.
- El valor del indicador debe actualizarse cada vez que se actualice el dashboard."
"Product Backlog Item","New","402","HU077 - Mostrar gráfico de calificaciones promedio de instituciones por provincia","**Yo Como:** Usuario con acceso al dashboard del sistema

**Quiero:** Ver un gráfico con el promedio de calificación de las instituciones agrupado por provincia, como una tarjeta más dentro del dashboard, junto a los demás indicadores

**Para que:** Pueda identificar en qué provincias las instituciones tienen mejor o peor calificación promedio.

**Desarrollo de la Historia:**

*Elementos visuales:*
- Tarjeta (widget) ubicada junto a los demás indicadores del dashboard.
- Gráfico (de barras) dentro de la tarjeta, mostrando el promedio de calificación de instituciones agrupado por provincia.
- Etiqueta pequeña con el promedio general, visible dentro de la misma tarjeta.
- Leyenda breve identificando cada provincia representada en el gráfico.

*Botones:*
- No incluye botones propios; la tarjeta se actualiza junto con el resto del dashboard.

**Elementos conversación:** No hay elementos de conversación.

**Anexos:** No hay anexos.",,"- La tarjeta debe mostrarse dentro del dashboard, con el mismo estilo visual que los demás indicadores.
- El gráfico debe reflejar el promedio de calificación de instituciones agrupado por provincia.
- El promedio general debe mostrarse dentro de la misma tarjeta.
- Los datos del gráfico deben actualizarse cada vez que se actualice el dashboard."
"Product Backlog Item","New","403","HU078 - Mostrar indicador de promedio de reportes (quejas) sobre instituciones","**Yo Como:** Usuario con acceso al dashboard del sistema

**Quiero:** Ver un indicador con el promedio de reportes o quejas registradas sobre las instituciones, como una tarjeta más dentro del dashboard, junto a los demás indicadores

**Para que:** Pueda identificar si existe un nivel elevado de quejas hacia las instituciones y darle seguimiento oportuno.

**Desarrollo de la Historia:**

*Elementos visuales:*
- Tarjeta (widget) ubicada junto a los demás indicadores del dashboard.
- Número grande dentro de la tarjeta, representando el promedio de reportes o quejas por institución.
- Etiqueta descriptiva debajo del número indicando a qué corresponde el indicador.

*Botones:*
- No incluye botones propios; la tarjeta se actualiza junto con el resto del dashboard.

**Elementos conversación:** No hay elementos de conversación.

**Anexos:** No hay anexos.",,"- La tarjeta debe mostrar el promedio de reportes o quejas registradas por institución.
- El indicador debe mostrarse dentro del dashboard, con el mismo estilo visual que los demás indicadores.
- El valor del indicador debe actualizarse cada vez que se actualice el dashboard."
"Product Backlog Item","New","404","HU079 - Mostrar gráfico de reportes (quejas) sobre instituciones por provincia","**Yo Como:** Usuario con acceso al dashboard del sistema

**Quiero:** Ver un gráfico con la cantidad de reportes o quejas sobre instituciones agrupados por provincia, como una tarjeta más dentro del dashboard, junto a los demás indicadores

**Para que:** Pueda identificar en qué provincias se concentran más quejas hacia las instituciones y priorizar el seguimiento.

**Desarrollo de la Historia:**

*Elementos visuales:*
- Tarjeta (widget) ubicada junto a los demás indicadores del dashboard.
- Gráfico (mapa o barras) dentro de la tarjeta, mostrando la cantidad de reportes o quejas agrupados por provincia.
- Etiqueta pequeña con el total general de reportes, visible dentro de la misma tarjeta.
- Leyenda breve identificando cada provincia representada en el gráfico.

*Botones:*
- No incluye botones propios; la tarjeta se actualiza junto con el resto del dashboard.

**Elementos conversación:** No hay elementos de conversación.

**Anexos:** No hay anexos.",,"- La tarjeta debe mostrarse dentro del dashboard, con el mismo estilo visual que los demás indicadores.
- El gráfico debe reflejar la cantidad de reportes o quejas sobre instituciones agrupados por provincia.
- El total general de reportes debe mostrarse dentro de la misma tarjeta.
- Los datos del gráfico deben actualizarse cada vez que se actualice el dashboard."
"Product Backlog Item","New","405","HU080 - Mostrar analíticas de solicitudes de inscripción","**Yo Como:** Usuario con acceso al dashboard del sistema

**Quiero:** Ver una sección de analíticas dedicada a las solicitudes de inscripción dentro del dashboard, que agrupe los indicadores y gráficos relacionados con las inscripciones

**Para que:** Pueda consultar en un solo lugar toda la información analítica referente a las solicitudes de inscripción recibidas en el sistema.

**Desarrollo de la Historia:**

*Elementos visuales:*
- Sección diferenciada dentro del dashboard, con un título identificando &quot;Analíticas de solicitudes de inscripción&quot;.
- Contiene las tarjetas de indicadores y gráficos relacionados con las solicitudes de inscripción (cantidad de solicitudes, estado de las solicitudes, distribución por liceo, etc.).
- Mismo estilo visual que las demás secciones de analíticas del dashboard.

*Botones:*
- No incluye botones propios; las tarjetas dentro de la sección se actualizan junto con el resto del dashboard.

**Elementos conversación:** No hay elementos de conversación.

**Anexos:** No hay anexos.",,"- La sección debe mostrarse dentro del dashboard, claramente diferenciada de las demás.
- La sección debe agrupar todas las tarjetas de indicadores y gráficos relacionados con solicitudes de inscripción.
- El estilo visual debe ser consistente con el resto del dashboard."
"Product Backlog Item","New","406","HU081 - Mostrar indicador de total de solicitudes de inscripción","**Yo Como:** Usuario con acceso al dashboard del sistema

**Quiero:** Ver un indicador con la cantidad total de solicitudes de inscripción registradas en el sistema, como una tarjeta más dentro del dashboard, junto a los demás indicadores

**Para que:** Pueda conocer cuántas personas han solicitado inscribirse en el sistema.

**Desarrollo de la Historia:**

*Elementos visuales:*
- Tarjeta (widget) ubicada junto a los demás indicadores del dashboard.
- Número grande dentro de la tarjeta, representando la cantidad total de solicitudes de inscripción registradas.
- Etiqueta descriptiva debajo del número indicando a qué corresponde el indicador.

*Botones:*
- No incluye botones propios; la tarjeta se actualiza junto con el resto del dashboard.

**Elementos conversación:** No hay elementos de conversación.

**Anexos:** No hay anexos.",,"- La tarjeta debe mostrar la cantidad total de solicitudes de inscripción registradas en el sistema.
- El indicador debe mostrarse dentro del dashboard, con el mismo estilo visual que los demás indicadores.
- El valor del indicador debe actualizarse cada vez que se actualice el dashboard."
"Product Backlog Item","New","407","HU082 - Mostrar indicador de total solicitudes aceptadas","**Yo Como:** Usuario con acceso al dashboard del sistema

**Quiero:** Ver un indicador con la cantidad total de solicitudes de inscripción aceptadas, como una tarjeta más dentro del dashboard, junto a los demás indicadores

**Para que:** Pueda conocer cuántas solicitudes de inscripción han sido aprobadas exitosamente.

**Desarrollo de la Historia:**

*Elementos visuales:*
- Tarjeta (widget) ubicada junto a los demás indicadores del dashboard.
- Número grande dentro de la tarjeta, representando la cantidad total de solicitudes de inscripción aceptadas.
- Etiqueta descriptiva debajo del número indicando a qué corresponde el indicador.

*Botones:*
- No incluye botones propios; la tarjeta se actualiza junto con el resto del dashboard.

**Elementos conversación:** No hay elementos de conversación.

**Anexos:** No hay anexos.",,"- La tarjeta debe mostrar la cantidad total de solicitudes de inscripción aceptadas.
- El indicador debe mostrarse dentro del dashboard, con el mismo estilo visual que los demás indicadores.
- El valor del indicador debe actualizarse cada vez que se actualice el dashboard."
"Product Backlog Item","New","408","HU083 - Mostrar indicador de total solicitudes rechazadas","**Yo Como:** Usuario con acceso al dashboard del sistema

**Quiero:** Ver un indicador con la cantidad total de solicitudes de inscripción rechazadas, como una tarjeta más dentro del dashboard, junto a los demás indicadores

**Para que:** Pueda conocer cuántas solicitudes de inscripción no fueron aprobadas.

**Desarrollo de la Historia:**

*Elementos visuales:*
- Tarjeta (widget) ubicada junto a los demás indicadores del dashboard.
- Número grande dentro de la tarjeta, representando la cantidad total de solicitudes de inscripción rechazadas.
- Etiqueta descriptiva debajo del número indicando a qué corresponde el indicador.

*Botones:*
- No incluye botones propios; la tarjeta se actualiza junto con el resto del dashboard.

**Elementos conversación:** No hay elementos de conversación.

**Anexos:** No hay anexos.",,"- La tarjeta debe mostrar la cantidad total de solicitudes de inscripción rechazadas.
- El indicador debe mostrarse dentro del dashboard, con el mismo estilo visual que los demás indicadores.
- El valor del indicador debe actualizarse cada vez que se actualice el dashboard."
"Product Backlog Item","New","409","HU084 - Mostrar indicador de total solicitudes pendientes","**Yo Como:** Usuario con acceso al dashboard del sistema

**Quiero:** Ver un indicador con la cantidad total de solicitudes de inscripción pendientes, como una tarjeta más dentro del dashboard, junto a los demás indicadores

**Para que:** Pueda conocer cuántas solicitudes de inscripción aún no han sido procesadas.

**Desarrollo de la Historia:**

*Elementos visuales:*
- Tarjeta (widget) ubicada junto a los demás indicadores del dashboard.
- Número grande dentro de la tarjeta, representando la cantidad total de solicitudes de inscripción pendientes.
- Etiqueta descriptiva debajo del número indicando a qué corresponde el indicador.

*Botones:*
- No incluye botones propios; la tarjeta se actualiza junto con el resto del dashboard.

**Elementos conversación:** No hay elementos de conversación.

**Anexos:** No hay anexos.",,"- La tarjeta debe mostrar la cantidad total de solicitudes de inscripción pendientes.
- El indicador debe mostrarse dentro del dashboard, con el mismo estilo visual que los demás indicadores.
- El valor del indicador debe actualizarse cada vez que se actualice el dashboard."
"Product Backlog Item","New","410","HU085 - Mostrar indicador de total cantidad de documentos subidos","**Yo Como:** Usuario con acceso al dashboard del sistema

**Quiero:** Ver un indicador con la cantidad total de documentos subidos al sistema, como una tarjeta más dentro del dashboard, junto a los demás indicadores

**Para que:** Pueda conocer el volumen de documentos que los usuarios han subido al sistema.

**Desarrollo de la Historia:**

*Elementos visuales:*
- Tarjeta (widget) ubicada junto a los demás indicadores del dashboard.
- Número grande dentro de la tarjeta, representando la cantidad total de documentos subidos.
- Etiqueta descriptiva debajo del número indicando a qué corresponde el indicador.

*Botones:*
- No incluye botones propios; la tarjeta se actualiza junto con el resto del dashboard.

**Elementos conversación:** No hay elementos de conversación.

**Anexos:** No hay anexos.",,"- La tarjeta debe mostrar la cantidad total de documentos subidos al sistema.
- El indicador debe mostrarse dentro del dashboard, con el mismo estilo visual que los demás indicadores.
- El valor del indicador debe actualizarse cada vez que se actualice el dashboard."
"Product Backlog Item","New","411","HU086 - Mostrar indicador de total documentos aprobados","**Yo Como:** Usuario con acceso al dashboard del sistema

**Quiero:** Ver un indicador con la cantidad total de documentos aprobados, como una tarjeta más dentro del dashboard, junto a los demás indicadores

**Para que:** Pueda conocer cuántos documentos han pasado el proceso de validación exitosamente.

**Desarrollo de la Historia:**

*Elementos visuales:*
- Tarjeta (widget) ubicada junto a los demás indicadores del dashboard.
- Número grande dentro de la tarjeta, representando la cantidad total de documentos aprobados.
- Etiqueta descriptiva debajo del número indicando a qué corresponde el indicador.

*Botones:*
- No incluye botones propios; la tarjeta se actualiza junto con el resto del dashboard.

**Elementos conversación:** No hay elementos de conversación.

**Anexos:** No hay anexos.",,"- La tarjeta debe mostrar la cantidad total de documentos aprobados.
- El indicador debe mostrarse dentro del dashboard, con el mismo estilo visual que los demás indicadores.
- El valor del indicador debe actualizarse cada vez que se actualice el dashboard."
"Product Backlog Item","New","412","HU087 - Mostrar indicador de total documentos rechazados","**Yo Como:** Usuario con acceso al dashboard del sistema

**Quiero:** Ver un indicador con la cantidad total de documentos rechazados, como una tarjeta más dentro del dashboard, junto a los demás indicadores

**Para que:** Pueda conocer cuántos documentos no cumplieron con los requisitos de validación.

**Desarrollo de la Historia:**

*Elementos visuales:*
- Tarjeta (widget) ubicada junto a los demás indicadores del dashboard.
- Número grande dentro de la tarjeta, representando la cantidad total de documentos rechazados.
- Etiqueta descriptiva debajo del número indicando a qué corresponde el indicador.

*Botones:*
- No incluye botones propios; la tarjeta se actualiza junto con el resto del dashboard.

**Elementos conversación:** No hay elementos de conversación.

**Anexos:** No hay anexos.",,"- La tarjeta debe mostrar la cantidad total de documentos rechazados.
- El indicador debe mostrarse dentro del dashboard, con el mismo estilo visual que los demás indicadores.
- El valor del indicador debe actualizarse cada vez que se actualice el dashboard."
"Product Backlog Item","New","413","HU088 - Mostrar indicador de total documentos pendientes de revisión","**Yo Como:** Usuario con acceso al dashboard del sistema

**Quiero:** Ver un indicador con la cantidad total de documentos pendientes de revisión, como una tarjeta más dentro del dashboard, junto a los demás indicadores

**Para que:** Pueda conocer cuántos documentos aún requieren revisión por parte del personal.

**Desarrollo de la Historia:**

*Elementos visuales:*
- Tarjeta (widget) ubicada junto a los demás indicadores del dashboard.
- Número grande dentro de la tarjeta, representando la cantidad total de documentos pendientes de revisión.
- Etiqueta descriptiva debajo del número indicando a qué corresponde el indicador.

*Botones:*
- No incluye botones propios; la tarjeta se actualiza junto con el resto del dashboard.

**Elementos conversación:** No hay elementos de conversación.

**Anexos:** No hay anexos.",,"- La tarjeta debe mostrar la cantidad total de documentos pendientes de revisión.
- El indicador debe mostrarse dentro del dashboard, con el mismo estilo visual que los demás indicadores.
- El valor del indicador debe actualizarse cada vez que se actualice el dashboard."
"Product Backlog Item","New","414","HU089 - Mostrar indicador de total de citas agendadas","**Yo Como:** Usuario con acceso al dashboard del sistema

**Quiero:** Ver un indicador con la cantidad total de citas agendadas en el sistema, como una tarjeta más dentro del dashboard, junto a los demás indicadores

**Para que:** Pueda conocer el volumen de citas que los usuarios han agendado en el sistema.

**Desarrollo de la Historia:**

*Elementos visuales:*
- Tarjeta (widget) ubicada junto a los demás indicadores del dashboard.
- Número grande dentro de la tarjeta, representando la cantidad total de citas agendadas.
- Etiqueta descriptiva debajo del número indicando a qué corresponde el indicador.

*Botones:*
- No incluye botones propios; la tarjeta se actualiza junto con el resto del dashboard.

**Elementos conversación:** No hay elementos de conversación.

**Anexos:** No hay anexos.",,"- La tarjeta debe mostrar la cantidad total de citas agendadas en el sistema.
- El indicador debe mostrarse dentro del dashboard, con el mismo estilo visual que los demás indicadores.
- El valor del indicador debe actualizarse cada vez que se actualice el dashboard."
"Product Backlog Item","New","415","HU090 - Mostrar indicador de total de citas por institución","**Yo Como:** Usuario con acceso al dashboard del sistema

**Quiero:** Ver un indicador con la cantidad total de citas agendadas, segmentada por institución, como una tarjeta más dentro del dashboard, junto a los demás indicadores

**Para que:** Pueda conocer cómo se distribuyen las citas agendadas entre las distintas instituciones.

**Desarrollo de la Historia:**

*Elementos visuales:*
- Tarjeta (widget) ubicada junto a los demás indicadores del dashboard.
- Número grande dentro de la tarjeta, representando la cantidad total de citas agendadas por institución.
- Etiqueta descriptiva debajo del número indicando a qué corresponde el indicador.

*Botones:*
- No incluye botones propios; la tarjeta se actualiza junto con el resto del dashboard.

**Elementos conversación:** No hay elementos de conversación.

**Anexos:** No hay anexos.",,"- La tarjeta debe mostrar la cantidad total de citas agendadas asociadas a instituciones.
- El indicador debe mostrarse dentro del dashboard, con el mismo estilo visual que los demás indicadores.
- El valor del indicador debe actualizarse cada vez que se actualice el dashboard."
"Product Backlog Item","New","416","HU091 - Mostrar indicador de total de citas aceptadas","**Yo Como:** Usuario con acceso al dashboard del sistema

**Quiero:** Ver un indicador con la cantidad total de citas aceptadas, como una tarjeta más dentro del dashboard, junto a los demás indicadores

**Para que:** Pueda conocer cuántas citas fueron confirmadas exitosamente.

**Desarrollo de la Historia:**

*Elementos visuales:*
- Tarjeta (widget) ubicada junto a los demás indicadores del dashboard.
- Número grande dentro de la tarjeta, representando la cantidad total de citas aceptadas.
- Etiqueta descriptiva debajo del número indicando a qué corresponde el indicador.

*Botones:*
- No incluye botones propios; la tarjeta se actualiza junto con el resto del dashboard.

**Elementos conversación:** No hay elementos de conversación.

**Anexos:** No hay anexos.",,"- La tarjeta debe mostrar la cantidad total de citas aceptadas.
- El indicador debe mostrarse dentro del dashboard, con el mismo estilo visual que los demás indicadores.
- El valor del indicador debe actualizarse cada vez que se actualice el dashboard."
"Product Backlog Item","New","417","HU092 - Mostrar indicador de total de citas rechazadas","**Yo Como:** Usuario con acceso al dashboard del sistema

**Quiero:** Ver un indicador con la cantidad total de citas rechazadas, como una tarjeta más dentro del dashboard, junto a los demás indicadores

**Para que:** Pueda conocer cuántas citas no fueron confirmadas.

**Desarrollo de la Historia:**

*Elementos visuales:*
- Tarjeta (widget) ubicada junto a los demás indicadores del dashboard.
- Número grande dentro de la tarjeta, representando la cantidad total de citas rechazadas.
- Etiqueta descriptiva debajo del número indicando a qué corresponde el indicador.

*Botones:*
- No incluye botones propios; la tarjeta se actualiza junto con el resto del dashboard.

**Elementos conversación:** No hay elementos de conversación.

**Anexos:** No hay anexos.",,"- La tarjeta debe mostrar la cantidad total de citas rechazadas.
- El indicador debe mostrarse dentro del dashboard, con el mismo estilo visual que los demás indicadores.
- El valor del indicador debe actualizarse cada vez que se actualice el dashboard."
"Product Backlog Item","New","418","HU093 - Mostrar indicador de total de citas pendientes","**Yo Como:** Usuario con acceso al dashboard del sistema

**Quiero:** Ver un indicador con la cantidad total de citas pendientes, como una tarjeta más dentro del dashboard, junto a los demás indicadores

**Para que:** Pueda conocer cuántas citas aún están a la espera de confirmación.

**Desarrollo de la Historia:**

*Elementos visuales:*
- Tarjeta (widget) ubicada junto a los demás indicadores del dashboard.
- Número grande dentro de la tarjeta, representando la cantidad total de citas pendientes.
- Etiqueta descriptiva debajo del número indicando a qué corresponde el indicador.

*Botones:*
- No incluye botones propios; la tarjeta se actualiza junto con el resto del dashboard.

**Elementos conversación:** No hay elementos de conversación.

**Anexos:** No hay anexos.",,"- La tarjeta debe mostrar la cantidad total de citas pendientes de confirmación.
- El indicador debe mostrarse dentro del dashboard, con el mismo estilo visual que los demás indicadores.
- El valor del indicador debe actualizarse cada vez que se actualice el dashboard."
"Product Backlog Item","New","419","HU094 - Mostrar indicador de total de correos enviados","**Yo Como:** Usuario con acceso al dashboard del sistema

**Quiero:** Ver un indicador con la cantidad total de correos enviados por el sistema, como una tarjeta más dentro del dashboard, junto a los demás indicadores

**Para que:** Pueda conocer el volumen de comunicación automática enviada por el sistema.

**Desarrollo de la Historia:**

*Elementos visuales:*
- Tarjeta (widget) ubicada junto a los demás indicadores del dashboard.
- Número grande dentro de la tarjeta, representando la cantidad total de correos enviados.
- Etiqueta descriptiva debajo del número indicando a qué corresponde el indicador.

*Botones:*
- No incluye botones propios; la tarjeta se actualiza junto con el resto del dashboard.

**Elementos conversación:** No hay elementos de conversación.

**Anexos:** No hay anexos.",,"- La tarjeta debe mostrar la cantidad total de correos electrónicos enviados por el sistema.
- El indicador debe mostrarse dentro del dashboard, con el mismo estilo visual que los demás indicadores.
- El valor del indicador debe actualizarse cada vez que se actualice el dashboard."
"Product Backlog Item","New","420","HU095 - Mostrar indicador de total de notificaciones leídas","**Yo Como:** Usuario con acceso al dashboard del sistema

**Quiero:** Ver un indicador con la cantidad total de notificaciones leídas por los usuarios, como una tarjeta más dentro del dashboard, junto a los demás indicadores

**Para que:** Pueda conocer qué tan efectivas son las notificaciones enviadas a los usuarios.

**Desarrollo de la Historia:**

*Elementos visuales:*
- Tarjeta (widget) ubicada junto a los demás indicadores del dashboard.
- Número grande dentro de la tarjeta, representando la cantidad total de notificaciones leídas.
- Etiqueta descriptiva debajo del número indicando a qué corresponde el indicador.

*Botones:*
- No incluye botones propios; la tarjeta se actualiza junto con el resto del dashboard.

**Elementos conversación:** No hay elementos de conversación.

**Anexos:** No hay anexos.",,"- La tarjeta debe mostrar la cantidad total de notificaciones marcadas como leídas por los usuarios.
- El indicador debe mostrarse dentro del dashboard, con el mismo estilo visual que los demás indicadores.
- El valor del indicador debe actualizarse cada vez que se actualice el dashboard."
"Product Backlog Item","New","421","HU096 - Registrar la creación de usuarios","<div><div><b>Yo como</b>: Administrador del sistema </div><div><b>Quiero: </b>que el sistema registre automáticamente un evento de auditoría cuando se cree un nuevo usuario. </div><div><b>Para que:&nbsp;</b>exista trazabilidad completa de los accesos y se cumplan las políticas de seguridad del proyecto. </div><div><br> </div><div><b>Descripción</b>:&nbsp; </div><blockquote style=""margin-top:0px;margin-bottom:0px;""><div><b>Campos</b>:&nbsp; </div><blockquote style=""margin-top:0px;margin-bottom:0px;""><div><ul><li>Id </li><li>Fecha y hora de la acción </li><li>tipo de acción </li><li>usuario </li><li>data del evento en formato JSON. </li> </ul> </div></blockquote></blockquote><div><div>Estos campos se generaron automaticamente a partir de la accion (crear usuario). </div> </div><div> </div><br> </div>",,"<div><span style=""font-size:14px;""><br></span><ul><li><p>El JSON del evento de auditoría debe excluir explícitamente campos sensibles (como contraseñas) utilizando el decorador <code>[AuditIgnore]</code>. </p> </li><li><p>El registro del evento debe ejecutarse de forma asíncrona para no afectar el tiempo de respuesta del sistema durante el registro. </p> </li><li><p>El evento debe capturar metadatos del contexto de la petición web a través de un Custom Data Provider (Ej. Dirección IP y User-Agent). </p> </li><li><p>Si el proveedor de base de datos de auditoría falla, la creación del usuario principal no debe interrumpirse (configuración de política de errores). </p> </li> </ul> </div>"
"Product Backlog Item","New","422","HU097 - Registrar la modificación de usuarios","<div><p><b>Yo como:</b> Administrador del sistema o Auditor de Seguridad.&nbsp; </p><p><b>Quiero:&nbsp;</b>que el sistema registre un evento de auditoría detallado cada vez que se actualice o modifique la información de un perfil de usuario.&nbsp; </p><p><b>Para que:</b> pueda mantener un historial preciso de los cambios realizados, identificando qué datos específicos fueron alterados, cuándo ocurrieron y quién fue el responsable de la acción. </p><p><b>Descripción:</b>
El evento debe estructurarse en formato JSON e incluir: </p><ul><li><p>Id del registro de auditoría. </p> </li><li><p>Fecha y hora de la acción (en formato UTC). </p> </li><li><p>Tipo de acción (Ej. &quot;UserProfileUpdate&quot;). </p> </li><li><p>Id del usuario que ejecuta la acción (Actor). </p> </li><li><p>Id del usuario que está siendo modificado. </p> </li><li><p>Diferencial de datos (Estado anterior vs. Estado nuevo). </p> </li> </ul><br> </div>",,"<br><div><ul><li>El registro generado por Audit.NET debe capturar obligatoriamente el estado previo de la entidad (<code>Target.Old</code>) y el estado actualizado (<code>Target.New</code>) para evidenciar exactamente qué campos cambiaron. </li> </ul> </div><div><ul><li>El evento debe capturar los metadatos de la petición (Id del usuario autenticado que realiza el cambio, dirección IP y User-Agent). </li> </ul> </div><div><ul><li>La serialización JSON debe excluir explícitamente cualquier campo sensible que pudiera estar en el modelo (usando el decorador <code>[AuditIgnore]</code>). </li> </ul> </div><div><ul><li>La escritura del registro de auditoría en la base de datos debe ejecutarse de forma asíncrona para no penalizar el tiempo de respuesta (latencia) de la actualización del perfil. </li> </ul> </div><div><ul><li>En caso de que el proveedor de auditoría falle al guardar el log, no se debe interrumpir la transacción principal de actualización del usuario, pero se debe generar un error en el log general del servidor (ej. usando Serilog o ILogger). </li> </ul> </div><br>"
"Product Backlog Item","New","423","HU098 - Registrar la activación de usuarios","<div><p><b>Yo como:&nbsp;</b>Administrador del sistema o Auditor de Seguridad.&nbsp; </p><p><b>Quiero:</b> que el sistema registre un evento de auditoría detallado cuando el estado de una cuenta de usuario cambie a &quot;Activo&quot; (activación de cuenta).&nbsp; </p><p><b>Para que:</b> exista una trazabilidad confiable sobre cuándo se habilitó el acceso al sistema para un usuario y quién o qué proceso autorizó dicha acción. </p><p><b>Descripción:</b>&nbsp;El evento debe estructurarse en formato JSON e incluir: </p><ul><li><p>Id del registro de auditoría. </p> </li><li><p>Fecha y hora de la acción (en formato UTC). </p> </li><li><p>Tipo de acción (Ej. &quot;UserActivation&quot;). </p> </li><li><p>Id del usuario/actor que ejecuta la acción (puede ser un Administrador, o el identificador del &quot;Sistema&quot; si la activación es automática por verificación de correo). </p> </li><li><p>Id del usuario que ha sido activado. </p> </li><li><p>Metadatos de la petición (IP y User-Agent si aplica). </p> </li> </ul><br> </div>",,"<div><ul><li><p>El registro generado por Audit.NET debe capturar el cambio de estado de la entidad (ejemplo: transición del campo <code>IsActive</code> de <code>false</code> a <code>true</code>, o cambio en el enum de estado). </p> </li><li><p>El evento debe diferenciar si la activación fue realizada por intervención manual (registrando el Id del administrador en sesión) o mediante un proceso automático (registrando &quot;Sistema&quot; o un identificador de servicio). </p> </li><li><p>La serialización JSON no debe exponer ningún token de verificación de correo electrónico o credencial temporal que se haya utilizado para la activación, utilizando el decorador <code>[AuditIgnore]</code> si es necesario. </p> </li><li><p>La escritura del evento de auditoría debe ser asíncrona para no generar latencia en la respuesta de éxito que recibe el usuario final al activarse. </p> </li><li><p>Si ocurre un error de conexión con la base de datos de auditoría, el usuario debe activarse de todos modos (tolerancia a fallos), pero la excepción del proveedor de auditoría debe registrarse en el log de errores del servidor. </p> </li> </ul><br> </div>"
"Product Backlog Item","New","424","HU099 - Registrar la desactivación de usuarios","<div><p><b>Yo como:</b> Administrador del sistema o Auditor de Seguridad.
<br><b>Quiero:</b> que el sistema registre un evento de auditoría detallado cuando una cuenta de usuario sea desactivada, suspendida o eliminada lógicamente (soft delete).
<br><b>Para que:</b>&nbsp;quede un historial auditable que demuestre exactamente cuándo se revocó el acceso al sistema a un usuario y quién fue el responsable de ejecutar dicha acción. </p><p><b>Descripción:</b>
El evento debe estructurarse en formato JSON e incluir: </p><ul><li><p>Id del registro de auditoría. </p> </li><li><p>Fecha y hora de la acción (en formato UTC). </p> </li><li><p>Tipo de acción (Ej. &quot;UserDeactivation&quot; o &quot;UserSoftDelete&quot;). </p> </li><li><p>Id del administrador que ejecuta la acción (Actor). </p> </li><li><p>Id del usuario que ha sido desactivado (Target). </p> </li><li><p>Motivo de la desactivación (si el sistema cuenta con un campo para justificar la baja). </p> </li><li><p>Metadatos de la petición (IP y User-Agent). </p> </li> </ul><br> </div>",,"<div><li><p>El registro generado por Audit.NET debe capturar obligatoriamente la transición del estado de la entidad (ejemplo: cambio del campo <code>IsActive</code> de <code>true</code> a <code>false</code>, o actualización de un campo <code>DeletedAt</code>). </p> </li><li><p>El evento debe registrar inequívocamente el Id del administrador en sesión que realizó la acción de desactivar la cuenta. </p> </li><li><p>La escritura del evento de auditoría en la base de datos debe ejecutarse de forma asíncrona, evitando penalizar el tiempo de respuesta del sistema. </p> </li><li><p>En caso de que el proveedor de auditoría falle al guardar el log, el usuario debe quedar desactivado correctamente en el sistema principal (tolerancia a fallos), registrando la excepción de auditoría en el log general del servidor (ej. Serilog). </p> </li><li><p>Si la desactivación incluye un motivo o comentario, este debe ser incluido en la carga útil (payload) del JSON de auditoría. </p> </li><br> </div>"
"Product Backlog Item","New","425","HU100 - Registrar el reseteo de contraseña de usuarios","<div><p><b>Yo como</b> Administrador del sistema o Auditor de Seguridad.<br><b>Quiero</b> que el sistema registre un evento de auditoría cada vez que un usuario restablezca o cambie su contraseña exitosamente.
<br><b>Para que</b> quede un historial auditable por motivos de seguridad, permitiendo rastrear actividades sospechosas (como compromisos de cuentas) sin exponer las credenciales del usuario. </p><p><b>Descripción:</b>
El evento debe estructurarse en formato JSON e incluir: </p><ul><li><p>Id del registro de auditoría. </p> </li><li><p>Fecha y hora de la acción (en formato UTC). </p> </li><li><p>Tipo de acción (Ej. &quot;UserPasswordReset&quot; o &quot;UserPasswordChange&quot;). </p> </li><li><p>Id del usuario cuya contraseña fue modificada (Target). </p> </li><li><p>Indicador de origen (Ej. si fue un cambio manual desde el perfil o un reseteo mediante token enviado al correo). </p> </li><li><p>Metadatos de la petición (Dirección IP y User-Agent). </p> </li> </ul><h3> </h3><br> </div>",,"<div><ul><li><p>La serialización JSON generada por Audit.NET debe excluir de forma estricta y explícita cualquier campo que contenga la contraseña nueva, la contraseña antigua o el token de recuperación. Se debe utilizar el decorador <code>[AuditIgnore]</code> en los modelos y DTOs involucrados. </p> </li><li><p>El evento debe capturar obligatoriamente la dirección IP y el User-Agent desde donde se solicitó y ejecutó el cambio, ya que son datos vitales para investigar posibles accesos no autorizados. </p> </li><li><p>El registro debe diferenciar en su carga útil si el cambio fue producto de un &quot;Olvido de contraseña&quot; (flujo de recuperación) o un &quot;Cambio de contraseña&quot; (flujo de actualización desde el perfil). </p> </li><li><p>La escritura del evento de auditoría debe ser asíncrona para no generar latencia en la confirmación al usuario. </p> </li><li><p>Si el proveedor de base de datos de auditoría falla, la transacción de cambio de contraseña debe completarse con éxito de igual forma (tolerancia a fallos), pero se debe generar una alerta de tipo <code>Error</code> en el log de aplicaciones del servidor (ej. Serilog). </p> </li> </ul><br> </div>"
"Product Backlog Item","New","426","HU101 - Registrar cambios de contraseña","<div><p><b>Yo como</b> Administrador del sistema o Auditor de Seguridad.<br><b>Quiero</b> que el sistema registre un evento de auditoría detallado cuando un usuario autenticado actualice su contraseña desde su perfil.
<br><b>Para que</b> exista un registro histórico de las modificaciones de credenciales que permita monitorear la seguridad de las cuentas y detectar posibles accesos no autorizados. </p><p><b>Descripción:</b>&nbsp;El evento debe estructurarse en formato JSON e incluir: </p><ul><li><p>Id del registro de auditoría. </p> </li><li><p>Fecha y hora de la acción (en formato UTC). </p> </li><li><p>Tipo de acción (Ej. &quot;UserProfilePasswordChange&quot;). </p> </li><li><p>Id del usuario autenticado que realiza la acción (Actor). </p> </li><li><p>Metadatos de la sesión (Dirección IP y User-Agent). </p> </li> </ul><br> </div>",,"<div><ul><li><p>La serialización JSON generada por Audit.NET debe omitir por completo las propiedades que contengan la contraseña actual, la nueva contraseña y la confirmación de la contraseña. Se debe garantizar el uso de <code>[AuditIgnore]</code> en el DTO de entrada (ej. <code>ChangePasswordDto</code>). </p> </li><li><p>El registro de auditoría debe capturar el Id del usuario en sesión (<code>Actor</code>) que ejecutó el cambio. En este escenario, el Actor y la Entidad modificada (Target) son la misma persona. </p> </li><li><p>El evento debe incluir obligatoriamente la dirección IP y el navegador/dispositivo (User-Agent) desde donde se efectuó el cambio. </p> </li><li><p>La persistencia del evento de auditoría debe ejecutarse de forma asíncrona para no afectar el tiempo de respuesta de la aplicación al actualizar el perfil. </p> </li><li><p>Si ocurre un fallo al guardar el evento en la base de datos de auditoría, el cambio de contraseña del usuario no debe revertirse (tolerancia a fallos). El error de auditoría debe registrarse en el sistema de logs general del servidor (ej. Serilog/ILogger). </p> </li> </ul><br> </div>"
"Product Backlog Item","New","427","HU102 - Registrar inicios de sesión","<div><p><b>Yo como:&nbsp;</b>Administrador del sistema o Auditor de Seguridad.<br><b>Quiero:</b> que el sistema registre un evento de auditoría detallado cada vez que un usuario intente iniciar sesión en la plataforma, ya sea que el intento resulte exitoso o fallido.
<br><b>Para que:</b> pueda monitorear los accesos al sistema, identificar patrones de comportamiento sospechoso y detectar proactivamente posibles ataques (ej. ataques de fuerza bruta o credenciales comprometidas). </p><p><b>Descripción:</b>
El evento debe estructurarse en formato JSON e incluir: </p><ul><li><p>Id del registro de auditoría. </p> </li><li><p>Fecha y hora de la acción (en formato UTC). </p> </li><li><p>Tipo de acción (Ej. &quot;UserLoginSuccess&quot; o &quot;UserLoginFailed&quot;). </p> </li><li><p>Identificador intentado (Correo electrónico o nombre de usuario ingresado). </p> </li><li><p>Id del usuario (Actor), solo si el login es exitoso. </p> </li><li><p>Motivo del fallo (solo si es fallido, ej. &quot;Credenciales inválidas&quot; o &quot;Cuenta bloqueada&quot;). </p> </li><li><p>Metadatos de la petición (Dirección IP y User-Agent). </p> </li> </ul><br> </div>",,"<div><ul><li><p>El sistema debe generar un evento de auditoría distinto para los escenarios de éxito (<code>UserLoginSuccess</code>) y para los de fallo (<code>UserLoginFailed</code>). </p> </li><li><p>La serialización JSON generada por Audit.NET debe excluir estrictamente la contraseña ingresada en la petición HTTP. El DTO de Login debe utilizar el decorador <code>[AuditIgnore]</code> en el campo de la clave. </p> </li><li><p>El evento debe capturar obligatoriamente la dirección IP y el navegador/dispositivo (User-Agent) desde donde se origina la petición de inicio de sesión. </p> </li><li><p>En los intentos fallidos, el registro debe capturar el correo electrónico o nombre de usuario que se intentó utilizar, ya que en este punto no existirá un Id de usuario válido (Actor). </p> </li><li><p>La escritura del evento de auditoría debe ser asíncrona para no generar latencia en el proceso de autenticación. </p> </li><li><p>Si el proveedor de base de datos de auditoría falla, el flujo de inicio de sesión debe continuar operando normalmente (tolerancia a fallos), delegando el error de auditoría al log de texto del servidor (ej. Serilog). </p> </li> </ul><br> </div>"
"Product Backlog Item","New","428","HU103 - Registrar cierres de sesión","<p><b>Yo como:&nbsp;</b>Administrador del sistema o Auditor de Seguridad. </p><p><b>Quiero:</b> que el sistema registre un evento de auditoría detallado cada vez que una sesión de usuario se cierre en la plataforma.&nbsp; </p><p><b>Para que:</b> pueda mantener un historial completo del ciclo de vida de las sesiones, permitiendo rastrear el tiempo de actividad de los usuarios y verificar que las conexiones se estén cerrando de manera segura. </p><p><b>Descripción:</b>&nbsp;El evento debe estructurarse en formato JSON e incluir: </p><ul><li><p>Id del registro de auditoría. </p> </li><li><p>Fecha y hora de la acción (en formato UTC). </p> </li><li><p>Tipo de acción (Ej. &quot;UserLogout&quot;). </p> </li><li><p>Id del usuario que cierra la sesión (Actor). </p> </li><li><p>Origen del cierre (Ej. &quot;Manual&quot; si el usuario hizo clic en cerrar sesión, o &quot;Automático/Timeout&quot; si la sesión expiró o fue invalidada por el servidor). </p> </li><li><p>Metadatos de la petición (Dirección IP y User-Agent). </p> </li> </ul><br>",,"<div><ul><li><p>El registro generado por Audit.NET debe crearse en el backend exactamente en el momento en que se invalida el token o se destruye la sesión del usuario. </p> </li><li><p>El evento debe capturar el Id del usuario (<code>Actor</code>) desde el contexto de la petición <i>antes</i> de que los datos de autenticación sean borrados de la memoria del servidor. </p> </li><li><p>El evento debe incluir obligatoriamente la dirección IP y el navegador/dispositivo (User-Agent) desde donde se origina la petición de logout. </p> </li><li><p>La persistencia del evento de auditoría debe ejecutarse de forma asíncrona para no generar demoras en la respuesta final de la vista de redirección hacia el login. </p> </li><li><p>El proceso debe ser tolerante a fallos: si el proveedor de base de datos de auditoría falla, <b>la sesión del usuario debe destruirse obligatoriamente</b> para garantizar la seguridad. El error de auditoría se registrará en el archivo de texto del servidor. </p> </li> </ul><br> </div>"
"Product Backlog Item","New","429","HU104 - Registrar intentos fallidos de inicio de sesión","<div><p><b>Yo como</b> Administrador del sistema o Auditor de Seguridad. </p><p><b>Quiero:</b> que el sistema registre un evento de auditoría específico cada vez que un intento de inicio de sesión resulte fallido (credenciales incorrectas, usuario inexistente o cuenta bloqueada). </p><p><b>Para que :</b>pueda identificar rápidamente comportamientos anómalos, rastrear el origen de posibles ataques de fuerza bruta y contar con la evidencia necesaria para detonar bloqueos automáticos de seguridad. </p><p><b>Descripción:&nbsp;</b>El evento debe estructurarse en formato JSON e incluir: </p><ul><li><p>Id del registro de auditoría. </p> </li><li><p>Fecha y hora del intento (en formato UTC). </p> </li><li><p>Tipo de acción (Ej. &quot;UserLoginFailed&quot;). </p> </li><li><p>Identificador intentado (Correo electrónico o nombre de usuario ingresado). </p> </li><li><p>Motivo específico del fallo (Ej. &quot;InvalidPassword&quot;, &quot;UserNotFound&quot;, &quot;AccountLocked&quot;). </p> </li><li><p>Metadatos de la petición (Dirección IP y User-Agent). </p> </li> </ul><br> </div>",,"<ul><li><p>El sistema debe interceptar y registrar el evento independientemente de la causa del fallo (contraseña errónea, cuenta inactiva, o usuario no encontrado). </p> </li><li><p>La serialización JSON generada por <code>Audit.NET</code> debe excluir de manera absoluta la contraseña introducida durante el intento fallido utilizando el decorador <code>[AuditIgnore]</code> en el DTO correspondiente. </p> </li><li><p>El evento debe capturar obligatoriamente el &quot;Correo electrónico&quot; ingresado en la petición, dado que en un escenario de fallo no se dispondrá de un Id de usuario (Actor) autenticado en el contexto. </p> </li><li><p>Se debe registrar la dirección IP de origen y el User-Agent. Si se detectan múltiples intentos fallidos (ej. más de 5) desde la misma IP o hacia el mismo correo en un lapso corto, el log debe servir como base para disparar la política de bloqueo temporal de la cuenta. </p> </li><li><p>La persistencia del log de auditoría debe ser asíncrona y tolerante a fallos; si la base de datos de auditoría no responde, el sistema debe denegar el acceso al usuario de forma habitual y escribir el error de auditoría en los logs del servidor (ej. Serilog). </p> </li> </ul><br>"
"Product Backlog Item","New","430","HU105 - Registrar la creación de instituciones","<div><p><b>Historia de Usuario</b> </p><ul><li><p><b>Yo como:</b> Administrador del sistema. </p> </li><li><p><b>Quiero:</b> Que el sistema registre un evento de auditoría detallado cada vez que se cree una nueva institución educativa (escuela/liceo). </p> </li><li><p><b>Para que:</b> Exista un historial confiable sobre la integración de nuevos centros, garantizando la trazabilidad de quién autorizó o ejecutó el registro. </p> </li> </ul><p><b>Descripción del Evento</b>
El evento debe estructurarse en formato JSON e incluir estrictamente los siguientes datos: </p><ul><li><p><code>AuditId</code>: Id del registro de auditoría. </p> </li><li><p><code>Timestamp</code>: Fecha y hora de la creación (en formato UTC). </p> </li><li><p><code>ActionType</code>: Tipo de acción (ej. <code>&quot;InstitutionCreation&quot;</code>). </p> </li><li><p><code>ActorId</code>: Id del administrador que ejecuta la acción. </p> </li><li><p><code>TargetId</code>: Id de la nueva institución generada. </p> </li><li><p><code>Payload</code>: Datos principales de la institución creada (Nombre, Provincia, RNC/Código del centro). </p> </li><li><p><code>Metadata</code>: Dirección IP y User-Agent de la petición. </p> </li> </ul><br> </div>",,"<div><ul><li><p>Captura de Estado Inicial: El registro generado por <code style="""">Audit.NET</code> debe capturar el estado de la entidad recién creada (<code style="""">Target.New</code>), reflejando exactamente los datos de la institución (Nombre, Provincia, RNC). </p> </li><li><p>Identificación del Actor: El evento debe registrar de forma obligatoria el Id del administrador autenticado en el sistema que ejecutó el alta. </p> </li><li><p>Exclusión de Datos Sensibles: Si la creación de la institución incluye el registro simultáneo de un usuario inicial (ej. el director del liceo), la contraseña de este usuario debe ser excluida de la carga útil del JSON utilizando el decorador <code>[AuditIgnore]</code>. </p> </li><li><p>Persistencia Asíncrona: El guardado del evento de auditoría debe ejecutarse en segundo plano (asíncrono) para no afectar el tiempo de respuesta al guardar la institución. </p> </li><li><p>Tolerancia a Fallos: Si la base de datos de auditoría falla, la creación de la institución no debe interrumpirse. El error de auditoría debe ser capturado y escrito en el archivo de logs general del servidor (ej. Serilog). </p> </li><li><p>Captura de Id Real: El evento de auditoría debe dispararse <i>después</i> de que la base de datos asigne el identificador a la institución (tras el <code>SaveChanges()</code>), garantizando que el JSON guarde el Id real y no un valor por defecto (como <code>0</code>). </p> </li> </ul><br> </div>"
"Product Backlog Item","New","431","HU106 - Registrar la modificación de instituciones","<div><h3>Description </h3><p><b>Historia de Usuario</b> </p><ul><li><p><b>Yo como:</b> Administrador del sistema o Administrador de institución. </p> </li><li><p><b>Quiero:</b> Que el sistema registre un evento de auditoría detallado cada vez que se modifiquen los datos de una institución educativa existente. </p> </li><li><p><b>Para que:</b> Exista un historial confiable de los cambios realizados, garantizando la trazabilidad exacta de qué información fue alterada, cuándo y por quién. </p> </li> </ul><p><b>Descripción del Evento</b>
El evento debe estructurarse en formato JSON e incluir estrictamente los siguientes datos: </p><ul><li><p><b>AuditId:</b> Id del registro de auditoría. </p> </li><li><p><b>Timestamp:</b> Fecha y hora de la modificación (en formato UTC). </p> </li><li><p><b>ActionType:</b> Tipo de acción (ej. &quot;InstitutionModification&quot;). </p> </li><li><p><b>ActorId:</b> Id del administrador que ejecuta la acción. </p> </li><li><p><b>TargetId:</b> Id de la institución que fue modificada. </p> </li><li><p><b>Payload:</b> Diferencial de los datos de la institución, incluyendo obligatoriamente los valores anteriores (<code>OldValues</code>) y los valores nuevos (<code>NewValues</code>). </p> </li><li><p><b>Metadata:</b> Dirección IP y User-Agent de la petición. </p> </li> </ul><h3> </h3><br> </div>",,"<div><li><p><b>Captura de Diferencial de Datos:</b> El registro generado por Audit.NET debe capturar tanto el estado previo a la modificación (<code>Target.Old</code>) como el estado posterior (<code>Target.New</code>), reflejando exactamente qué campos sufrieron alteraciones (ej. si se cambió el Nombre o la Provincia). </p> </li><li><p><b>Identificación del Actor:</b> El evento debe registrar de forma obligatoria el Id del administrador autenticado en el sistema que ejecutó la actualización. </p> </li><li><p><b>Exclusión de Datos Sensibles:</b> Si la modificación incluye campos de configuración interna o credenciales vinculadas a la administración del liceo, estas deben ser excluidas de la carga útil del JSON utilizando el decorador <code>[AuditIgnore]</code>. </p> </li><li><p><b>Persistencia Asíncrona:</b> El guardado del evento de auditoría debe ejecutarse en segundo plano (asíncrono) para no afectar el tiempo de respuesta al guardar los cambios de la institución. </p> </li><li><p><b>Tolerancia a Fallos:</b> Si la base de datos de auditoría falla, la modificación de la institución no debe interrumpirse. El error de auditoría debe ser capturado y escrito en el archivo de logs general del servidor (ej. Serilog). </p> </li><li><p><b>Confirmación de Transacción:</b> El evento de auditoría debe dispararse <i>únicamente después</i> de que la base de datos confirme la modificación exitosa (tras el <code>SaveChanges()</code>), garantizando que no se generen registros de auditoría fantasmas si la actualización falla a nivel de base de datos principal. </p> </li><br> </div>"
"Product Backlog Item","New","432","HU107 - Registrar la activación de instituciones","<div><li><p><b>Yo como:</b> Administrador del sistema. </p> </li><li><p><b>Quiero:</b> Que el sistema registre un evento de auditoría cuando el estado de una institución cambie a &quot;Activa&quot;. </p> </li><li><p><b>Para que:</b> Exista trazabilidad sobre cuándo un centro educativo queda habilitado para recibir solicitudes de inscripción y qué administrador autorizó su operatividad. </p> </li><p><b>Descripción del Evento (Formato JSON)</b> </p><ul><li><p><code>AuditId</code>: Identificador único del registro. </p> </li><li><p><code>Timestamp</code>: Fecha y hora en formato UTC. </p> </li><li><p><code>ActionType</code>: <code>&quot;InstitutionActivation&quot;</code>. </p> </li><li><p><code>ActorId</code>: Id del administrador que ejecuta la acción. </p> </li><li><p><code>TargetId</code>: Id de la institución activada. </p> </li><li><p><code>StateChange</code>: Transición del campo (Ej. <code>IsActive: false -&gt; true</code>). </p> </li><li><p><code>Metadata</code>: Dirección IP y User-Agent. </p> </li> </ul><br> </div>",,"<div><ul><li><p>Captura de Estado: El evento debe registrar el cambio de estado booleano o enum que representa la activación en la base de datos. </p> </li><li><p>Identificación del Actor: Capturar obligatoriamente el Id del administrador en sesión. </p> </li><li><p>Persistencia Asíncrona y Tolerancia: El guardado debe ser en segundo plano. Si la base de datos de auditoría falla, la institución debe activarse de todos modos y registrar el error en el log del servidor. </p> </li> </ul><br> </div>"
"Product Backlog Item","New","433","HU108 - Registrar la desactivación de instituciones","<ul><li><p><b>Yo como:</b> Administrador del sistema. </p> </li><li><p><b>Quiero:</b> Que el sistema registre un evento de auditoría cuando una institución sea desactivada o suspendida. </p> </li><li><p><b>Para que:</b> Quede un registro formal de cuándo y quién inhabilitó al centro educativo para continuar operando en la plataforma. </p> </li> </ul><p><b>&nbsp; &nbsp; Descripcion del Evento</b> </p><ul><li><p><code>AuditId</code>: Identificador único del registro. </p> </li><li><p><code>Timestamp</code>: Fecha y hora en formato UTC. </p> </li><li><p><code>ActionType</code>: <code>&quot;InstitutionDeactivation&quot;</code>. </p> </li><li><p><code>ActorId</code>: Id del administrador que ejecuta la acción. </p> </li><li><p><code>TargetId</code>: Id de la institución desactivada. </p> </li><li><p><code>Reason</code>: Motivo de la suspensión (si aplica en el sistema). </p> </li><li><p><code>Metadata</code>: Dirección IP y User-Agent. </p> </li> </ul><br>",,"<div><ul><li><p>Captura de Motivo: Si el frontend exige un comentario o razón para la desactivación, este texto debe guardarse dentro del payload de auditoría. </p> </li><li><p>Manejo de Soft-Delete: Si la desactivación se maneja borrando lógicamente el registro (<code>DeletedAt</code>), el evento de auditoría debe interceptar esta mutación específica. </p> </li><li><p>Identificación y Fallos: (Aplican los mismos criterios de asincronía, captura de IP y tolerancia a fallos que la HU107). </p> </li> </ul><br> </div>"
"Product Backlog Item","New","434","HU109 - Registrar calificaciones realizadas a instituciones","<div><li><p><b>Yo como:</b> Auditor de Seguridad o Administrador. </p> </li><li><p><b>Quiero:</b> Que el sistema audite de forma interna la emisión de calificaciones a las instituciones. </p> </li><li><p><b>Para que:</b> Se pueda detectar manipulación de puntajes, cuentas bot o ataques coordinados de <i>review bombing</i> (múltiples calificaciones falsas). </p> </li><p><b>Descripción del Evento (Formato JSON)</b> </p><ul><li><p><code>AuditId</code>: Identificador único del registro. </p> </li><li><p><code>Timestamp</code>: Fecha y hora en formato UTC. </p> </li><li><p><code>ActionType</code>: <code>&quot;InstitutionRated&quot;</code>. </p> </li><li><p><code>ActorId</code>: Id del usuario (Tutor/Padre) que emite la calificación. </p> </li><li><p><code>TargetId</code>: Id de la institución calificada. </p> </li><li><p><code>Score</code>: Valor de la calificación otorgada (Ej. 1 a 5). </p> </li><li><p><code>Metadata</code>: Dirección IP y User-Agent. </p> </li> </ul><br> </div>",,"<div><ul><li><p>Trazabilidad de IP: El evento debe capturar la IP de origen. Esto es vital para que un administrador pueda identificar si cientos de calificaciones de 1 estrella provienen de la misma red. </p> </li><li><p>Inmutabilidad del Log: Si un usuario actualiza su calificación, el sistema debe registrar un nuevo evento de auditoría (<code>InstitutionRatingUpdated</code>) en lugar de sobreescribir el evento original de creación. </p> </li><li><p>Asincronía: Guardar el evento en segundo plano para no demorar la respuesta de la UI al calificar. </p> </li> </ul><br> </div>"
"Product Backlog Item","New","435","HU110 - Registrar reportes realizados contra instituciones","<div><li><p><b>Yo como:</b> Auditor de Seguridad o Administrador. </p> </li><li><p><b>Quiero:</b> Que el sistema registre un evento de auditoría interno cada vez que un usuario reporte una institución (por fraude, datos incorrectos, etc.). </p> </li><li><p><b>Para que:</b> Se mantenga un registro inalterable de las denuncias, permitiendo trazar el origen del reporte y evitar abusos del sistema de denuncias. </p> </li> </div><div><p><b>Descripción del Evento (Formato JSON)</b> </p><ul><li><p><code>AuditId</code>: Identificador único. </p> </li><li><p><code>Timestamp</code>: Fecha y hora UTC. </p> </li><li><p><code>ActionType</code>: <code>&quot;InstitutionReported&quot;</code>. </p> </li><li><p><code>ActorId</code>: Id del usuario que emite el reporte. </p> </li><li><p><code>TargetId</code>: Id de la institución reportada. </p> </li><li><p><code>ReportCategory</code>: Categoría de la denuncia. </p> </li><li><p><code>Metadata</code>: Dirección IP y User-Agent. </p> </li> </ul><br> </div>",,"<ul><li>Captura de Identidad: El sistema debe registrar obligatoriamente el Id del usuario autenticado que emite la denuncia. </li><li>Sanitización de Datos: Si el reporte incluye un comentario de texto libre, la carga útil (payload) no debe ejecutar macros ni scripts al ser consultada por el auditor. </li><li>Asincronía y Tolerancia: El evento no debe bloquear el envío de la denuncia principal si la base de datos de auditoría experimenta intermitencia. </li> </ul><br>"
"Product Backlog Item","New","436","HU111 - Registrar el inicio de un proceso de inscripción","<div><p><b>Historia de Usuario</b> </p><ul><li><p><b>Yo como:</b> Tutor o Administrador del sistema. </p> </li><li><p><b>Quiero:</b> Que el sistema registre un evento de auditoría detallado cada vez que se inicie un nuevo proceso de inscripción para un estudiante. </p> </li><li><p><b>Para que:</b> Exista un historial inalterable del momento exacto en que se genera la solicitud, garantizando la transparencia y trazabilidad en el proceso de admisión de los recintos educativos. </p> </li> </ul><p><b>Descripción del Evento</b>
El evento debe estructurarse en formato JSON e incluir estrictamente los siguientes datos: </p><ul><li><p><b>AuditId:</b> Id del registro de auditoría. </p> </li><li><p><b>Timestamp:</b> Fecha y hora de la creación de la solicitud (en formato UTC). </p> </li><li><p><b>ActionType:</b> Tipo de acción (ej. &quot;EnrollmentStarted&quot;). </p> </li><li><p><b>ActorId:</b> Id del tutor (o administrador) que ejecuta la acción. </p> </li><li><p><b>TargetId:</b> Id de la nueva solicitud de inscripción generada. </p> </li><li><p><b>Payload:</b> Datos principales de la inscripción creada (Id del Estudiante, Id de la Institución, Grado solicitado, Ciclo académico y Estado inicial = &quot;Pendiente&quot;). </p> </li><li><p><b>Metadata:</b> Dirección IP y User-Agent de la petición. </p> </li> </ul><h3> </h3><br> </div>",,"<div><li><p><b>Captura de Estado Inicial:</b> El registro generado por Audit.NET debe capturar el estado de la entidad recién creada (<code>Target.New</code>), reflejando exactamente los datos con los que el tutor abrió el expediente. </p> </li><li><p><b>Identificación del Actor:</b> El evento debe registrar de forma obligatoria el Id del usuario autenticado en el sistema que inició el trámite (generalmente el Tutor). </p> </li><li><p><b>Captura de Id Real:</b> El evento de auditoría debe dispararse <i>después</i> de que la base de datos principal asigne el identificador a la nueva solicitud de inscripción (tras el <code>SaveChanges()</code>), garantizando que el JSON guarde el Id real del expediente y no un valor temporal (como 0). </p> </li><li><p><b>Persistencia Asíncrona:</b> El guardado del evento de auditoría debe ejecutarse en segundo plano (asíncrono) para no afectar el tiempo de respuesta de la pantalla del tutor mientras se procesa su solicitud. </p> </li><li><p><b>Tolerancia a Fallos:</b> Si la base de datos de auditoría falla, la creación de la inscripción no debe interrumpirse para no bloquear al ciudadano. El error de auditoría debe ser capturado silenciosamente y escrito en el archivo de logs general del servidor (ej. Serilog). </p> </li><br> </div>"
"Product Backlog Item","New","437","HU112 - Registrar la subida de documentos","<div><h3>Description </h3><p><b>Historia de Usuario</b> </p><ul><li><p><b>Yo como:</b><span> Tutor o Administrador de institución.</span> </p> </li><li><p><b>Quiero:</b><span> Que el sistema registre un evento de auditoría detallado cada vez que se suba un documento adjunto a una solicitud de inscripción.</span> </p> </li><li><p><b>Para que:</b><span> Exista evidencia inalterable de la recepción de los requisitos,</span><span> garantizando la trazabilidad del expediente y previniendo la alteración o sustitución indebida de los archivos de los estudiantes.</span> </p> </li> </ul><p><b>Descripción del Evento</b><span>
El evento debe estructurarse en formato JSON e incluir estrictamente los siguientes datos:</span> </p><ul><li><p><b>AuditId:</b><span> Id del registro de auditoría.</span> </p> </li><li><p><b>Timestamp:</b><span> Fecha y hora de la subida del archivo (en formato UTC).</span> </p> </li><li><p><b>ActionType:</b><span> Tipo de acción (ej.</span><span> &quot;DocumentUploaded&quot;).</span> </p> </li><li><p><b>ActorId:</b><span> Id del usuario que ejecuta la acción (Tutor o Personal de institución).</span> </p> </li><li><p><b>TargetId:</b><span> Id del registro del documento en la base de datos (y su relación con el Id de la inscripción).</span> </p> </li><li><p><b>Payload:</b><span> Metadata crítica del archivo subido (Nombre original,</span><span> Formato/Extensión,</span><span> Tipo de documento ej.</span><span> 'Acta de Nacimiento',</span><span> y un Hash de integridad criptográfica).</span> </p> </li><li><p><b>Metadata:</b><span> Dirección IP y User-Agent de la petición.</span> </p> </li> </ul><h3> </h3><br> </div>",,"<div><li><p><b>Captura de Metadata e Integridad (Hash):</b> El registro generado por Audit.NET <b>NO</b> debe almacenar el binario/Base64 del archivo físico para no saturar la base de datos de logs. Debe capturar exclusivamente la metadata del documento (<code>Target.New</code>), incluyendo obligatoriamente un hash criptográfico (ej. SHA-256) generado al momento de la carga para evidenciar en el futuro si el archivo original fue manipulado. </p> </li><li><p><b>Confirmación de Almacenamiento Dual:</b> El evento de auditoría debe dispararse <i>únicamente después</i> de que el archivo físico se haya guardado con éxito en el servidor de almacenamiento (ej. AWS S3, Azure Blob Storage o file system) y su referencia haya sido confirmada en la base de datos principal (tras el <code>SaveChanges()</code>). </p> </li><li><p><b>Identificación del Actor:</b> El evento debe registrar de forma obligatoria el Id del usuario autenticado en el sistema que realizó la carga. </p> </li><li><p><b>Persistencia Asíncrona:</b> El guardado del evento de auditoría debe ejecutarse en segundo plano (asíncrono) para no ralentizar la barra de progreso de carga de archivos en la interfaz del tutor. </p> </li><li><p><b>Tolerancia a Fallos:</b> Si la base de datos de auditoría no responde, la subida del documento no debe fallar de cara al usuario. El error de auditoría debe ser capturado silenciosamente y escrito en el archivo de logs general del servidor (ej. Serilog). </p> </li><br> </div>"
"Product Backlog Item","New","438","HU113 - Registrar la aprobación de documentos","<div><p><b>Historia de Usuario</b> </p><ul><li><p><b>Yo como:</b> Administrador de institución o Personal administrativo. </p> </li><li><p><b>Quiero:</b> Que el sistema registre un evento de auditoría detallado cada vez que valide y apruebe un documento subido a una solicitud de inscripción. </p> </li><li><p><b>Para que:</b> Exista un historial confiable e inalterable sobre quién autorizó la validez de los requisitos, asegurando la responsabilidad directa sobre la admisión de los estudiantes. </p> </li> </ul><p><b>Descripción del Evento</b>
El evento debe estructurarse en formato JSON e incluir estrictamente los siguientes datos: </p><ul><li><p><b>AuditId:</b> Id del registro de auditoría. </p> </li><li><p><b>Timestamp:</b> Fecha y hora de la aprobación (en formato UTC). </p> </li><li><p><b>ActionType:</b> Tipo de acción (ej. &quot;DocumentApproved&quot;). </p> </li><li><p><b>ActorId:</b> Id del personal de la institución que ejecuta la acción de aprobar. </p> </li><li><p><b>TargetId:</b> Id del registro del documento en la base de datos que fue evaluado. </p> </li><li><p><b>Payload:</b> Diferencial del estado del documento, mostrando explícitamente el valor anterior (<code>OldValues.Estado = Pendiente</code> o <code>Revisión</code>) y el nuevo valor (<code>NewValues.Estado = Aprobado</code>). Deberá incluir también el Id de la inscripción a la que pertenece y cualquier comentario de validación si el sistema lo provee. </p> </li><li><p><b>Metadata:</b> Dirección IP y User-Agent de la petición. </p> </li> </ul><h3> </h3><br> </div>",,"<div><li><p><b>Captura de Cambio de Estado:</b> El registro generado por Audit.NET debe capturar exclusivamente la metadata y el cambio de estado del documento (<code>Target.Old</code> a <code>Target.New</code>), evidenciando la transición a &quot;Aprobado&quot;. No debe intentar guardar el archivo físico en el payload del log. </p> </li><li><p><b>Identificación del Actor:</b> El evento debe registrar de forma obligatoria el Id del usuario autenticado (Personal o Administrador) que presionó el botón de aprobar y validó el archivo. </p> </li><li><p><b>Confirmación de Transacción:</b> El evento de auditoría debe dispararse <i>únicamente después</i> de que la base de datos principal haya confirmado que el estado del documento se actualizó con éxito (tras el <code>SaveChanges()</code>), previniendo que se audite una aprobación que falló a nivel de base de datos. </p> </li><li><p><b>Persistencia Asíncrona:</b> El guardado del evento de auditoría debe ejecutarse en segundo plano (asíncrono) </p> </li><br> </div>"
"Product Backlog Item","New","439","HU114 - Registrar el rechazo de documentos",,,
"Product Backlog Item","New","440","HU115 - Registrar cambios de estado de la inscripción",,,
"Product Backlog Item","New","441","HU116 - Registrar la aceptación de solicitudes de inscripción",,,
"Product Backlog Item","New","442","HU117 - Registrar el rechazo de solicitudes de inscripción",,,
"Product Backlog Item","New","443","HU118 - Registrar el agendamiento de citas",,,
"Product Backlog Item","New","444","HU119 - Registrar la modificación de citas",,,
"Product Backlog Item","New","445","HU120 - Registrar la aceptación de citas",,,
"Product Backlog Item","New","446","HU121 - Registrar el rechazo de citas",,,
"Product Backlog Item","New","447","HU122 - Registrar la cancelación de citas",,,
"Product Backlog Item","New","448","HU123 - Registrar cambios en límites de citas",,,
"Product Backlog Item","New","449","HU124 - Registrar cambios en documentos requeridos",,,
"Product Backlog Item","New","450","HU125 - Registrar cambios en periodos de inscripción",,,
"Product Backlog Item","New","451","HU126 - Registrar envío de correos electrónicos",,,
"Product Backlog Item","New","452","HU127 - Registrar errores en el envío de notificaciones",,,
"Product Backlog Item","New","453","HU128 - Registrar lectura de notificaciones importantes",,,
"Product Backlog Item","New","454","HU129 - Listar logs",,,
"Product Backlog Item","New","455","HU130 - Filtrar logs por fecha",,,
"Product Backlog Item","New","456","HU131 - Filtrar logs por tipo de acción",,,
"Product Backlog Item","New","457","HU132 - Filtrar logs por usuario",,,
"Product Backlog Item","New","136","HU133 - Mostrar manual de instrucciones","<table width=640 style=""border-collapse:collapse;border:none;"">
 <tbody><tr>
  </tr></tbody></table><table width=640 style=""border-collapse:collapse;border:none;""><tbody><tr><td width=116 style=""width:86.65pt;border:solid #E5B8B7 1.0pt;border-bottom:solid #D99594 1.5pt;padding:0cm 5.4pt 0cm 5.4pt;"">
  <p style=""margin:0cm 0cm 10pt;font-size:11pt;font-family:Calibri, sans-serif;margin-bottom:0cm;""><b><span>Yo
  Como</span></b><span></span> </p>
  </td>
  <td width=525 style=""width:393.5pt;border-top:solid #E5B8B7 1.0pt;border-left:none;border-bottom:solid #D99594 1.5pt;border-right:solid #E5B8B7 1.0pt;padding:0cm 5.4pt 0cm 5.4pt;"">
  <p style=""margin:0cm 0cm 10pt;font-size:11pt;font-family:Calibri, sans-serif;margin-bottom:0cm;""><b><span style=""font-size:10.0pt;"">Madre, padre o tutor de la persona que se va a inscribir en la
  institución seleccionada.</span></b> </p>
  </td>
 </tr>
 <tr>
  <td width=116 style=""width:86.65pt;border:solid #E5B8B7 1.0pt;border-top:none;padding:0cm 5.4pt 0cm 5.4pt;"">
  <p style=""margin:0cm 0cm 10pt;font-size:11pt;font-family:Calibri, sans-serif;margin-bottom:0cm;""><b><span>Quiero</span></b><span></span> </p>
  </td>
  <td width=525 style=""width:393.5pt;border-top:none;border-left:none;border-bottom:solid #E5B8B7 1.0pt;border-right:solid #E5B8B7 1.0pt;padding:0cm 5.4pt 0cm 5.4pt;"">
  <p style=""margin:0cm 0cm 10pt;font-size:11pt;font-family:Calibri, sans-serif;margin-bottom:0cm;""><span style=""font-size:10.0pt;"">Acceder al manual de instrucciones </span> </p>
  </td>
 </tr>
 <tr>
  <td width=116 style=""width:86.65pt;border:solid #E5B8B7 1.0pt;border-top:none;padding:0cm 5.4pt 0cm 5.4pt;"">
  <p style=""margin:0cm 0cm 10pt;font-size:11pt;font-family:Calibri, sans-serif;margin-bottom:0cm;""><b><span>Para
  que</span></b><span></span> </p>
  </td>
  <td width=525 style=""width:393.5pt;border-top:none;border-left:none;border-bottom:solid #E5B8B7 1.0pt;border-right:solid #E5B8B7 1.0pt;padding:0cm 5.4pt 0cm 5.4pt;"">
  <ul style=""margin-bottom:0cm;""><li><span style=""font-size:10.0pt;"">Para entender el uso y manejo de la aplicación.<b></b></span> </li><li><span style=""font-size:10.0pt;"">Para entender como se buscan los
  liceos o instituciones.<b></b></span> </li><li><span style=""font-size:10.0pt;"">Para comprender como se realiza la
  subida de documentos en el formulario de inscripción.<b></b></span> </li><li><span style=""font-size:10.0pt;"">Para comprender ciertas
  funcionalidades que incluye la página web.<b></b></span> </li><li><span style=""font-size:10.0pt;"">Para entender como se agenda una
  cita.<b></b></span> </li> </ul>
  
  
  
  
  </td>
 </tr>
 <tr>
  <td width=116 style=""width:86.65pt;border:solid #E5B8B7 1.0pt;border-top:none;padding:0cm 5.4pt 0cm 5.4pt;"">
  <p style=""margin:0cm 0cm 10pt;font-size:11pt;font-family:Calibri, sans-serif;margin-bottom:0cm;""><span>Desarrollo
  de la Historia</span> </p>
  </td>
  <td width=525 style=""width:393.5pt;border-top:none;border-left:none;border-bottom:solid #E5B8B7 1.0pt;border-right:solid #E5B8B7 1.0pt;padding:0cm 5.4pt 0cm 5.4pt;"">
  <p style=""margin:0cm 0cm 10pt;font-size:11pt;font-family:Calibri, sans-serif;margin-bottom:0cm;text-align:justify;""><b><i><span style=""font-size:10.0pt;"">Campos</span></i></b> </p>
  <ul style=""margin-bottom:0cm;""><li><span style=""font-size:10.0pt;"">No incluye campos.</span> </li> </ul>
  <p style=""margin:0cm 0cm 10pt;font-size:11pt;font-family:Calibri, sans-serif;margin-bottom:0cm;text-align:justify;""><b><i><span style=""font-size:10.0pt;"">Botones</span></i></b> </p>
  <ul style=""margin-bottom:0cm;""><li><span style=""font-size:10.0pt;"">Botón con ícono x “Pasar de página”
  (será mostrado al pie de página del manual para indicar la siguiente página,
  que al presionarlo mostrará la otra página o pantalla que le sigue al manual
  de instrucciones).</span> </li><li><span style=""font-size:10.0pt;"">Botón de “Volver” (el botón tiene el
  ícono de una flecha) </span> </li> </ul>
  
  <p style=""margin:0cm 0cm 10pt;font-size:11pt;font-family:Calibri, sans-serif;margin-bottom:0cm;text-align:justify;""><b><i><span style=""font-size:10.0pt;"">Links</span></i></b> </p>
  <ul style=""margin-bottom:0cm;""><li><span style=""font-size:10.0pt;"">No incluye links.<b><i></i></b></span> </li> </ul>
  <p style=""margin:0cm 0cm 10pt;font-size:11pt;font-family:Calibri, sans-serif;margin-bottom:0cm;text-align:justify;""><b><i><span style=""font-size:10.0pt;"">Controles</span></i></b> </p>
  <ul style=""margin-bottom:0cm;""><li><span style=""font-size:10.0pt;"">Botón “Pasar de página”: Ubicado en
  la parte inferior derecha de la pantalla.<b><i></i></b></span> </li><li><span style=""font-size:10.0pt;"">Botón de “Volver”: Ubicado en la
  parte superior izquierda de la pantalla; con la finalidad de volver a la
  página donde se haya abierto el manual de instrucciones.<b><i></i></b></span> </li> </ul>
  
  <p style=""margin:0cm 0cm 10pt;font-size:11pt;font-family:Calibri, sans-serif;margin-bottom:0cm;text-align:justify;""><b><i><span style=""font-size:10.0pt;"">Estado inicial del botón &quot;Pasar de página&quot;:</span></i></b> </p>
  <ul style=""margin-bottom:0cm;""><li><span style=""font-size:10.0pt;"">El botón presenta la forma de una
  elipsis con un ícono dentro, de una flecha.<b><i></i></b></span> </li> </ul>
  <p style=""margin:0cm 0cm 10pt;font-size:11pt;font-family:Calibri, sans-serif;margin-bottom:0cm;text-align:justify;""><b><i><span style=""font-size:10.0pt;"">Estado final del botón &quot;Pasar de página&quot;:</span></i></b> </p>
  <ul style=""margin-bottom:0cm;""><li><span style=""font-size:10.0pt;"">El botón desaparece una vez el
  usuario interactúa con él, ya que, al no haber más información en el manual,
  no hay más nada que buscar en otra página.<b><i></i></b></span> </li> </ul>
  <p style=""margin:0cm 0cm 10pt;font-size:11pt;font-family:Calibri, sans-serif;margin-bottom:0cm;text-align:justify;""><b><i><span style=""font-size:10.0pt;"">&nbsp;</span></i></b> </p>
  </td>
 </tr>
 <tr>
  <td width=116 style=""width:86.65pt;border:solid #E5B8B7 1.0pt;border-top:none;padding:0cm 5.4pt 0cm 5.4pt;"">
  <p style=""margin:0cm 0cm 10pt;font-size:11pt;font-family:Calibri, sans-serif;margin-bottom:0cm;""><b><span>Criterios
  de Aceptación</span></b><span></span> </p>
  </td>
  <td width=525 style=""width:393.5pt;border-top:none;border-left:none;border-bottom:solid #E5B8B7 1.0pt;border-right:solid #E5B8B7 1.0pt;padding:0cm 5.4pt 0cm 5.4pt;"">
  <ul style=""margin-bottom:0cm;""><li><span style=""font-size:10.0pt;"">El sistema no permitirá ninguna modificación
  de las informaciones que se encuentren en el manual por parte de los
  usuarios.</span> </li><li><span style=""font-size:10.0pt;"">El sistema mostrará las
  informaciones más importantes ante las preguntas: ¿Cómo se busca un liceo?
  ¿Cómo se suben documentos? ¿Cómo se agenda una cita? ¿Qué funcionalidades más
  incluye la página web?</span> </li> </ul>
  
  </td>
 </tr>
 <tr>
  <td width=116 style=""width:86.65pt;border:solid #E5B8B7 1.0pt;border-top:none;padding:0cm 5.4pt 0cm 5.4pt;"">
  <p style=""margin:0cm 0cm 10pt;font-size:11pt;font-family:Calibri, sans-serif;margin-bottom:0cm;""><b><span>Elementos
  conversación</span></b><span></span> </p>
  </td>
  <td width=525 style=""width:393.5pt;border-top:none;border-left:none;border-bottom:solid #E5B8B7 1.0pt;border-right:solid #E5B8B7 1.0pt;padding:0cm 5.4pt 0cm 5.4pt;"">
  <p style=""margin:0cm 0cm 10pt;font-size:11pt;font-family:Calibri, sans-serif;margin-bottom:0cm;""><span style=""font-size:10.0pt;"">No identificado por el momento.</span> </p>
  </td>
 </tr>
 <tr>
  <td width=116 style=""width:86.65pt;border:solid #E5B8B7 1.0pt;border-top:none;padding:0cm 5.4pt 0cm 5.4pt;"">
  <p style=""margin:0cm 0cm 10pt;font-size:11pt;font-family:Calibri, sans-serif;margin-bottom:0cm;""><span>Anexos</span> </p>
  </td>
  <td width=525 style=""width:393.5pt;border-top:none;border-left:none;border-bottom:solid #E5B8B7 1.0pt;border-right:solid #E5B8B7 1.0pt;padding:0cm 5.4pt 0cm 5.4pt;"">
  <p style=""margin:0cm 0cm 10pt;font-size:11pt;font-family:Calibri, sans-serif;margin-bottom:0cm;""><span style=""font-size:10.0pt;"">Los diseños se encuentran en la tarea de “Diseñar requerimiento”.</span> </p>
  <p style=""margin:0cm 0cm 10pt;font-size:11pt;font-family:Calibri, sans-serif;margin-bottom:0cm;""><span style=""font-size:10.0pt;"">&nbsp;</span> </p>
  </td>
 </tr></tbody></table><br>",,"<div><ul style=""box-sizing:border-box;padding:0px 0px 0px 40px;margin-bottom:0cm;""><li style=""box-sizing:border-box;""><span style=""box-sizing:border-box;font-size:10pt;"">El sistema no permitirá ninguna modificación de las informaciones que se encuentren en el manual por parte de los usuarios.</span> </li><li style=""box-sizing:border-box;""><span style=""box-sizing:border-box;font-size:10pt;"">El sistema mostrará las informaciones más importantes ante las preguntas: ¿Cómo se busca un liceo? ¿Cómo se suben documentos? ¿Cómo se agenda una cita? ¿Qué funcionalidades más incluye la página web?</span> </li> </ul><br> </div>"